Device number: 1500097,,,,,,,,,,,,
Battery voltage,3.91,3.91,3.91,3.91,3.9,3.9,3.91,3.89,3.89,3.89,3.87,3.89
Battery percentage,84,84,84,84,82,82,82,81,81,81,80,80
Name,Series1_001_primary02_setting0012,Series1_001_primary02_setting0040,Series1_001_primary02_setting0126,Series1_001_primary02_setting0400,Series1_001_primary02_setting1260,Series1_001_primary02_setting4000,Series1_002_primary08_setting0040,Series1_002_primary08_setting0060,Series1_002_primary08_setting0122,Series1_002_primary08_setting0299,Series1_002_primary08_setting1284,Series1_002_primary08_setting3369
Correction,Offset,Offset,Offset,Offset,Offset,Offset,Offset,Offset,Offset,Offset,Offset,Offset
Date,28/10/2019,28/10/2019,28/10/2019,28/10/2019,28/10/2019,28/10/2019,28/10/2019,28/10/2019,28/10/2019,28/10/2019,28/10/2019,28/10/2019
Time,14:23:03,14:25:18,14:26:04,14:26:35,14:27:04,14:27:29,14:30:49,14:33:51,14:35:10,14:36:06,14:36:31,14:36:51
T_int [ms],60 * 1000.000,38 * 1000.000,8 * 1000.000,3 * 1000.000,1 * 611.190,3 * 221.010,60 * 1000.000,60 * 1000.000,19 * 1000.000,4 * 1000.000,2 * 338.820,4 * 122.650
Averages,1,1,1,1,1,1,1,1,1,1,1,1
,,,,,,,,,,,,
Ev [lx] (CIE1931 2°),8.82E-02,1.86E-01,7.39E-01,3.06E+00,7.75E+00,2.12E+01,9.68E-02,5.00E-01,3.95E+00,2.10E+01,1.97E+02,5.54E+02
Ee [W/sqm] (380-780nm),4.31E-04,2.72E-03,1.54E-02,7.24E-02,1.86E-01,5.06E-01,3.33E-04,1.52E-03,1.14E-02,6.04E-02,5.64E-01,1.59E+00
Ee [W/sqm] (200-280nm),0.00E+00,0.00E+00,0.00E+00,0.00E+00,0.00E+00,0.00E+00,0.00E+00,0.00E+00,0.00E+00,0.00E+00,0.00E+00,0.00E+00
Ee [W/sqm] (280-315nm),0.00E+00,0.00E+00,0.00E+00,0.00E+00,0.00E+00,0.00E+00,0.00E+00,0.00E+00,0.00E+00,0.00E+00,0.00E+00,0.00E+00
Ee [W/sqm] (315-400nm),0.00E+00,0.00E+00,2.67E-06,8.72E-05,6.68E-05,8.21E-04,0.00E+00,0.00E+00,1.33E-08,2.40E-06,2.66E-04,5.10E-05
Ee [W/sqm] (400-550nm),2.79E-04,2.51E-03,1.47E-02,6.95E-02,1.79E-01,4.87E-01,1.52E-04,1.87E-04,4.20E-04,1.62E-03,1.46E-02,4.46E-02
Ee [W/sqm] (550-750nm),1.11E-04,1.65E-04,6.43E-04,2.72E-03,6.86E-03,1.83E-02,1.37E-04,1.29E-03,1.09E-02,5.85E-02,5.47E-01,1.53E+00
Ee [W/sqm] (750-1000nm),4.17E-05,4.22E-05,4.35E-05,6.25E-05,8.84E-05,2.02E-04,4.36E-05,4.79E-05,9.12E-05,2.92E-04,2.47E-03,7.05E-03
CCT [K],0,1347,0,0,0,0,5185,1994,1709,1682,1689,1708
Duv,0,0.033,0,0,0,0,0.017,0,0.006,0.006,0.007,0.007
dE2000 (CIE1931 2°),26.4,39.7,40.8,41,41,41,19.6,31,34.3,34.8,34.9,34.9
dE2000 (CIE1964 10°),25,38.5,39.6,39.9,39.9,39.9,20.9,31.4,34.5,35,35.1,35.1
dE2000 (Judd-Vos 1978 2°),23.8,39.1,40.2,40.5,40.5,40.5,21.6,31.4,34.4,34.9,35,34.9
dE2000 (CIE2006 2° Schanda-Csuti mod.),22.9,38.7,39.8,40.1,40.2,40.2,23.9,32,34.6,35,35.1,35.1
dE2000 (CIE2006 2°),25.1,38.9,39.9,40.2,40.3,40.2,21.1,31.5,34.5,35,35.1,35.1
dE2000 (CIE2006 10°),25,38.4,39.4,39.7,39.7,39.7,21.2,31.5,34.5,35,35.2,35.1
dE2000 (CIE2006 2° TU Ilmenau mod.),24.1,38.7,39.8,40.1,40.2,40.1,22.5,31.8,34.5,35,35.1,35.1
dE2000 (CIE2006 10° TU Ilmenau mod.),24,38.2,39.3,39.6,39.7,39.6,22.9,31.8,34.6,35.1,35.2,35.1
DWl [nm] (CIE1931 2°),475.1,453.7,450,448,447.7,448.3,561.3,589.1,590.5,590.7,590.5,590.2
DWl [nm] (CIE1964 10°),471.6,453.6,450.2,448.3,447.9,448.6,558.3,587.3,589.4,589.7,589.5,589.2
DWl [nm] (Judd-Vos 1978 2°),477.3,453.6,449.3,447.2,446.9,447.5,563.9,588.7,590.3,590.5,590.4,590.1
DWl [nm] (CIE2006 2° Schanda-Csuti mod.),473.1,452.9,448.6,446.7,446.3,446.9,565.8,588.1,590.4,590.6,590.5,590.2
DWl [nm] (CIE2006 2°),474.4,454,450,447.9,447.5,448.2,564.2,588.6,590.5,590.7,590.5,590.2
DWl [nm] (CIE2006 10°),471,453.5,450.4,448.6,448.2,448.8,558.5,587,589.4,589.6,589.5,589.1
DWl [nm] (CIE2006 2° TU Ilmenau mod.),473.7,453.3,449.3,447.4,447.1,447.6,565,588.3,590.4,590.6,590.4,590.1
DWl [nm] (CIE2006 10° TU Ilmenau mod.),470.2,452.7,449.7,448.1,447.8,448.3,559.3,586.5,589.3,589.6,589.4,589.1
PE [%] (CIE1931 2°),42.3,89.8,94.1,95,95,95.1,18.4,81.6,96.7,98.3,98.6,98.6
PE [%] (CIE1964 10°),42.4,90.1,94,94.8,94.9,95,24,82.7,96.9,98.4,98.6,98.6
PE [%] (Judd-Vos 1978 2°),37,88.4,93.4,94.4,94.5,94.6,26.3,83.8,97.1,98.5,98.8,98.7
PE [%] (CIE2006 2° Schanda-Csuti mod.),36.5,89.2,93.7,94.6,94.7,94.8,37.9,87,97.6,98.7,98.8,98.8
PE [%] (CIE2006 2°),41.3,89.7,93.8,94.7,94.7,94.8,25.5,83.8,97.1,98.5,98.7,98.7
PE [%] (CIE2006 10°),42.9,90.3,94.2,94.9,95,95.1,25.6,83.1,96.9,98.4,98.6,98.6
PE [%] (CIE2006 2° TU Ilmenau mod.),38.8,89.4,93.7,94.6,94.7,94.8,32,85.6,97.4,98.6,98.8,98.8
PE [%] (CIE2006 10° TU Ilmenau mod.),40.5,90.1,94.1,95,95,95.1,32.7,85.1,97.2,98.5,98.7,98.7
,,,,,,,,,,,,
Chrom. Coord. (CIE1931 2°),,,,,,,,,,,,
x,0.2385,0.1709,0.167,0.1672,0.1674,0.1667,0.3424,0.5262,0.57,0.5748,0.5747,0.573
y,0.2294,0.0533,0.0362,0.0321,0.0317,0.0317,0.3853,0.4118,0.4184,0.419,0.4202,0.4217
u',0.1808,0.2073,0.2155,0.2192,0.2198,0.2188,0.1974,0.3056,0.3314,0.3343,0.3335,0.3314
v',0.3913,0.1454,0.1051,0.0947,0.0936,0.0937,0.4997,0.538,0.5473,0.5482,0.5486,0.5489
Chrom. Coord. (CIE1964 10°),,,,,,,,,,,,
x,0.2385,0.1659,0.1617,0.1619,0.1621,0.1614,0.3501,0.5345,0.5792,0.5841,0.5841,0.5826
y,0.244,0.0715,0.0545,0.0497,0.0492,0.0496,0.3966,0.4078,0.4103,0.4104,0.4113,0.4127
u',0.175,0.1882,0.1942,0.1979,0.1985,0.1973,0.1984,0.3133,0.3425,0.3458,0.3452,0.3433
v',0.4028,0.1825,0.1473,0.1368,0.1355,0.1365,0.5056,0.5378,0.5458,0.5467,0.547,0.5473
Chrom. Coord. (Judd-Vos 1978 2°),,,,,,,,,,,,
x,0.2485,0.1763,0.1719,0.1719,0.172,0.1714,0.3514,0.5284,0.5691,0.5736,0.5733,0.5716
y,0.2524,0.0646,0.0456,0.0409,0.0403,0.0405,0.4025,0.4169,0.4206,0.4209,0.4219,0.4235
u',0.1797,0.2061,0.2146,0.2185,0.2191,0.2181,0.1972,0.3043,0.3295,0.3323,0.3315,0.3295
v',0.4106,0.1699,0.1281,0.1169,0.1156,0.1159,0.5083,0.5402,0.5479,0.5487,0.549,0.5493
Chrom. Coord. (CIE2006 2° Schanda-Csuti mod.),,,,,,,,,,,,
x,0.2483,0.1674,0.1625,0.1624,0.1625,0.1619,0.3655,0.5358,0.5726,0.5765,0.5762,0.5746
y,0.2636,0.0696,0.0507,0.0453,0.0446,0.045,0.4274,0.4209,0.4193,0.419,0.4199,0.4214
u',0.1753,0.1913,0.198,0.2018,0.2025,0.2013,0.1977,0.3071,0.3326,0.3355,0.3347,0.3327
v',0.4187,0.179,0.1391,0.1266,0.125,0.126,0.52,0.5428,0.548,0.5485,0.5488,0.549
Chrom. Coord. (CIE2006 2°),,,,,,,,,,,,
x,0.2382,0.1607,0.1559,0.1556,0.1558,0.1552,0.3526,0.532,0.5728,0.5773,0.5771,0.5755
y,0.2428,0.0649,0.0477,0.0433,0.0428,0.043,0.3991,0.4139,0.4174,0.4176,0.4186,0.4201
u',0.1752,0.1859,0.1912,0.1941,0.1946,0.1936,0.1991,0.3083,0.3339,0.3368,0.336,0.3341
v',0.4019,0.1689,0.1316,0.1214,0.1203,0.1207,0.507,0.5397,0.5474,0.5481,0.5485,0.5487
Chrom. Coord. (CIE2006 10°),,,,,,,,,,,,
x,0.2372,0.1643,0.1601,0.1603,0.1606,0.1599,0.3522,0.5376,0.5823,0.5872,0.5872,0.5857
y,0.2443,0.0739,0.0573,0.0526,0.0521,0.0526,0.3996,0.4061,0.4074,0.4073,0.4083,0.4097
u',0.1739,0.1847,0.1902,0.1937,0.1944,0.1931,0.1987,0.3163,0.3464,0.3499,0.3493,0.3473
v',0.4029,0.1868,0.1531,0.1431,0.1418,0.1428,0.5072,0.5376,0.5453,0.5461,0.5464,0.5467
Chrom. Coord. (CIE2006 2° TU Ilmenau mod.),,,,,,,,,,,,
x,0.2415,0.159,0.1539,0.1536,0.1537,0.1531,0.3601,0.5346,0.5729,0.5771,0.5768,0.5753
y,0.2534,0.0674,0.0494,0.0445,0.0439,0.0442,0.413,0.4173,0.4182,0.4182,0.4191,0.4206
u',0.1738,0.1822,0.1873,0.1904,0.191,0.19,0.1991,0.3082,0.3334,0.3363,0.3356,0.3337
v',0.4103,0.1739,0.1353,0.124,0.1226,0.1233,0.5137,0.5413,0.5477,0.5483,0.5486,0.5489
Chrom. Coord. (CIE2006 10° TU Ilmenau mod.),,,,,,,,,,,,
x,0.2411,0.1651,0.1609,0.1611,0.1613,0.1606,0.3598,0.5394,0.5813,0.5858,0.5857,0.5842
y,0.2546,0.0762,0.0588,0.0535,0.0528,0.0535,0.4157,0.411,0.4094,0.4091,0.4099,0.4113
u',0.173,0.1843,0.1901,0.1941,0.1949,0.1935,0.198,0.3148,0.3444,0.3478,0.3472,0.3453
v',0.4112,0.1913,0.1564,0.1451,0.1436,0.1449,0.5147,0.5397,0.5459,0.5465,0.5467,0.547
,,,,,,,,,,,,
XYZ (CIE1931 2°),,,,,,,,,,,,
X,0.092,0.595,3.41,16,40.9,111.2,0.086,0.639,5.38,28.9,269.1,752.1
Y,0.088,0.185,0.739,3.06,7.75,21.2,0.097,0.5,3.95,21,196.8,553.6
Z,0.205,2.7,16.3,76.4,195.9,534.7,0.068,0.075,0.109,0.312,2.43,6.99
XYZ (CIE1964 10°),,,,,,,,,,,,
X,0.1,0.649,3.73,17.5,44.9,121.9,0.093,0.68,5.72,30.6,285.8,799.3
Y,0.102,0.28,1.26,5.38,13.6,37.5,0.106,0.519,4.05,21.5,201.3,566.2
Z,0.217,2.98,18.1,85.2,218.6,595.7,0.068,0.074,0.103,0.288,2.21,6.37
XYZ (Judd-Vos 1978 2°),,,,,,,,,,,,
X,0.088,0.544,3.13,14.9,38.3,103.6,0.085,0.634,5.35,28.7,267.3,747.2
Y,0.089,0.199,0.831,3.54,8.99,24.5,0.097,0.5,3.95,21,196.8,553.6
Z,0.176,2.34,14.3,68.2,175.5,476.8,0.059,0.066,0.097,0.279,2.25,6.42
XYZ (CIE2006 2° Schanda-Csuti mod.),,,,,,,,,,,,
X,0.092,0.586,3.4,16.3,42.1,113.5,0.089,0.68,5.75,30.9,287.8,804.2
Y,0.098,0.244,1.06,4.55,11.6,31.6,0.104,0.534,4.21,22.4,209.7,589.8
Z,0.181,2.67,16.5,79.6,205.4,556.1,0.051,0.055,0.082,0.24,1.99,5.65
XYZ (CIE2006 2°),,,,,,,,,,,,
X,0.093,0.58,3.32,15.7,40.3,109,0.09,0.682,5.76,30.9,288.1,805
Y,0.095,0.234,1.02,4.36,11.1,30.2,0.102,0.53,4.2,22.3,209,587.6
Z,0.203,2.79,17,80.6,207.2,563.4,0.064,0.069,0.098,0.273,2.13,6.1
XYZ (CIE2006 10°),,,,,,,,,,,,
X,0.102,0.673,3.87,18.2,46.7,126.6,0.095,0.692,5.82,31.2,290.9,813.4
Y,0.105,0.302,1.39,5.97,15.1,41.6,0.107,0.523,4.07,21.6,202.3,568.9
Z,0.223,3.12,18.9,89.3,229.1,624,0.067,0.072,0.103,0.291,2.25,6.46
XYZ (CIE2006 2° TU Ilmenau mod.),,,,,,,,,,,,
X,0.091,0.557,3.21,15.3,39.3,106.2,0.089,0.679,5.74,30.8,287.1,802.3
Y,0.095,0.236,1.03,4.42,11.2,30.6,0.102,0.53,4.19,22.3,208.6,586.6
Z,0.19,2.71,16.6,79.7,205.2,556.6,0.056,0.061,0.088,0.252,2.03,5.79
XYZ (CIE2006 10° TU Ilmenau mod.),,,,,,,,,,,,
X,0.1,0.663,3.84,18.2,47,127,0.093,0.685,5.77,30.9,288.5,806.6
Y,0.106,0.306,1.4,6.06,15.4,42.3,0.108,0.522,4.06,21.6,201.9,567.9
Z,0.209,3.05,18.6,88.9,228.7,621.3,0.058,0.063,0.092,0.27,2.17,6.2
,,,,,,,,,,,,
L*a*b* (CIE1931 2°) (Xn=100.0, Yn=100.0, Zn=100.0),,,,,,,,,,
L*,0.797,1.68,6.67,20.3,33.4,53.1,0.875,4.52,23.5,53,129.4,189.2
a*,0.137,15.9,64.4,114.8,158.1,220,-0.42,5.41,18.5,33.1,68.9,95.1
b*,-1.81,-29.5,-70.1,-120.3,-165,-230.6,0.442,6.61,38.8,86.5,192.7,271.4
L*a*b* (CIE1964 10°) (Xn=100.0, Yn=100.0, Zn=100.0),,,,,,,,,,
L*,0.925,2.53,11,27.8,43.7,67.6,0.957,4.69,23.8,53.5,130.5,190.8
a*,-0.089,14.4,50.8,91,125.6,173.6,-0.483,6.28,20.9,37.4,78.3,108.5
b*,-1.79,-30.1,-66.6,-114.1,-156.6,-218.4,0.596,6.94,39.5,87.8,196.4,276.6
L*a*b* (Judd-Vos 1978 2°) (Xn=100.0, Yn=100.0, Zn=100.0),,,,,,,,,,
L*,0.803,1.8,7.5,22.1,36,56.6,0.875,4.52,23.5,53,129.4,189.2
a*,-0.054,13.4,56.3,100.8,139.2,193.3,-0.479,5.21,18.1,32.3,67.4,93
b*,-1.35,-26.5,-64,-110.4,-151.7,-211.5,0.586,6.76,39,87,194.2,273.7
L*a*b* (CIE2006 2° Schanda-Csuti mod.) (Xn=100.0, Yn=100.0, Zn=100.0),,,,,,,,,,
L*,0.884,2.2,9.49,25.4,40.5,63,0.944,4.83,24.4,54.5,132.5,193.6
a*,-0.221,13.3,52.1,94.7,131.2,181.1,-0.589,5.68,19,34.1,71.2,98.4
b*,-1.3,-28.4,-65.7,-114,-156.8,-218.1,0.839,7.47,40.7,90.2,201.8,284.6
L*a*b* (CIE2006 2°) (Xn=100.0, Yn=100.0, Zn=100.0),,,,,,,,,,
L*,0.858,2.11,9.13,24.8,39.7,61.8,0.922,4.79,24.3,54.4,132.3,193.3
a*,-0.07,13.5,52.4,93.6,129.2,179.1,-0.463,5.89,19.3,34.6,72.2,99.8
b*,-1.68,-29.5,-67.4,-115.8,-159,-221.7,0.6,7.18,40.4,89.5,200.3,282.2
L*a*b* (CIE2006 10°) (Xn=100.0, Yn=100.0, Zn=100.0),,,,,,,,,,
L*,0.949,2.73,11.9,29.3,45.8,70.6,0.971,4.72,23.9,53.6,130.7,191.1
a*,-0.118,14.4,49.1,87.9,121.4,167.6,-0.496,6.59,21.8,38.9,81.4,112.9
b*,-1.84,-30.7,-66.8,-114.4,-157,-218.9,0.634,7.01,39.6,87.9,196.5,276.8
L*a*b* (CIE2006 2° TU Ilmenau mod.) (Xn=100.0, Yn=100.0, Zn=100.0),,,,,,,,,,
L*,0.861,2.14,9.24,25,39.9,62.2,0.924,4.79,24.3,54.4,132.2,193.2
a*,-0.175,12.5,50.1,90.5,125.2,173,-0.509,5.79,19.2,34.4,71.8,99.3
b*,-1.48,-28.8,-66.4,-114.7,-157.7,-219.6,0.717,7.3,40.5,89.8,201,283.3
L*a*b* (CIE2006 10° TU Ilmenau mod.) (Xn=100.0, Yn=100.0, Zn=100.0),,,,,,,,,,
L*,0.953,2.76,12,29.6,46.1,71.1,0.973,4.72,23.9,53.6,130.6,191
a*,-0.218,13.9,48.1,87.2,120.8,166.2,-0.564,6.35,21.3,38.1,79.8,110.7
b*,-1.61,-30.1,-66,-113.8,-156.4,-217.6,0.771,7.15,39.7,88.2,197,277.7
,,,,,,,,,,,,
CIE 13.3-1995 CRI,,,,,,,,,,,,
Ref. Illum.,CRI not calculated!,Planckian radiator,CRI not calculated!,CRI not calculated!,CRI not calculated!,CRI not calculated!,daylight 5000-7000K,Planckian radiator,Planckian radiator,Planckian radiator,Planckian radiator,Planckian radiator
CCT [K],0,1347,0,0,0,0,5185,1994,1709,1682,1689,1708
R1,0,32.2,0,0,0,0,81.5,49.1,29.5,27.3,27.2,28.1
R2,0,-1.5,0,0,0,0,93.4,82.6,68.1,66.3,65.9,66.1
R3,0,-161.6,0,0,0,0,78.5,71.9,76.6,77.3,78.4,79.9
R4,0,-123.8,0,0,0,0,56.7,33.2,9.3,6.8,6.9,8.5
R5,0,9.3,0,0,0,0,76.8,47.9,21,17.9,17.6,18.6
R6,0,-33.2,0,0,0,0,97.3,79.4,53.2,49.9,48.8,48.7
R7,0,-139.9,0,0,0,0,67.2,56.1,53.5,53.4,53.9,54.8
R8,0,-200.2,0,0,0,0,55.1,7.7,-9.5,-11.2,-10.6,-9.2
R9,0,-256.2,0,0,0,0,6.5,-75.8,-109.3,-113,-112.5,-110.5
R10,0,-149.9,0,0,0,0,88.8,69.1,40.9,37.5,36.3,35.9
R11,0,-107.4,0,0,0,0,58.1,17.2,-19.4,-23.3,-23.7,-21.8
R12,0,-111.6,0,0,0,0,65.8,65,11.7,4,1.6,1.1
R13,0,52.3,0,0,0,0,86.4,54.2,32.8,30.3,30.1,31
R14,0,-43.4,0,0,0,0,88,83.8,85.9,86.3,86.9,87.8
Ra,0,-77.33,0,0,0,0,75.81,53.48,37.7,35.96,36.01,36.93
Re,0,-88.2,0,0,0,0,71.43,45.8,24.59,22.11,21.91,22.79
DC,0.00E+00,3.20E-01,0.00E+00,0.00E+00,0.00E+00,0.00E+00,1.80E-02,1.30E-03,4.40E-03,5.10E-03,5.40E-03,5.60E-03
,,,,,,,,,,,,
Color Quality Scale (CQS) 9.0.3,,,,,,,,,,,,
VS1,0,0,0,0,0,0,75.4,50.7,5.4,0.4,0.2,0.3
VS2,0,0,0,0,0,0,92.1,59.7,8.4,0.2,0.1,0.1
VS3,0,0,0,0,0,0,93.3,67.8,2.7,0,0,0
VS4,0,0,0,0,0,0,76.2,88,19.5,0.4,0.1,0.2
VS5,0,0,0,0,0,0,73.9,86.6,41.3,6.8,3.1,3.6
VS6,0,0,0,0,0,0,67.6,71,65.9,51.6,46.8,47.5
VS7,0,0,0,0,0,0,62.2,52.7,40.5,38.4,38.2,39
VS8,0,0,0,0,0,0,58.4,47.7,39.8,24.7,19.5,20.4
VS9,0,16.8,0,0,0,0,69.2,50.6,43.9,21.7,14,15.1
VS10,0,0,0,0,0,0,85,56.3,46.5,20.2,10.9,12.3
VS11,0,0,0,0,0,0,94.7,69.2,56.3,29.9,19.5,21.6
VS12,0,0,0,0,0,0,74.7,96.7,79.1,52.2,43.6,46.1
VS13,0,0,0,0,0,0,58.9,66.8,63.8,63.8,63.8,64.2
VS14,0,0,0,0,0,0,76.6,68,59.9,55.9,55.1,55.9
VS15,0,0,0,0,0,0,77.9,60.9,38.1,24.9,22.4,23.9
Qa,0,0,0,0,0,0,73.23,63.29,33.86,10.15,6.09,6.99
Qf,0,0,0,0,0,0,74.49,64.3,37.28,13.61,8.91,10
Qp,0,0,0,0,0,0,69.6,63.12,22.57,2.76,1.24,1.53
Qg,0,579.09,0,0,0,0,77.98,74.29,41.3,25.56,21.91,23.16
,,,,,,,,,,,,
TLCI - 2012,,,,,,,,,,,,
Q1 (Dark skin),0,14.7,0,0,0,0,78.7,25.4,18.3,23.2,24.2,25.1
Q2 (Light skin),0,6,0,0,0,0,61.4,61.5,48.5,48.5,49.5,50.3
Q3 (Blue sky),0,10.6,0,0,0,0,96.6,52.1,30.5,34.9,36.8,37.6
Q4 (Foliage),0,33.9,0,0,0,0,97.9,95.6,77.3,32.4,22.2,22.9
Q5 (Blue flower),0,6.3,0,0,0,0,70.9,37.1,29.4,28.5,25.2,26.2
Q6 (Bluish green),0,4.2,0,0,0,0,30,16.8,14.9,25.7,26.8,27.8
Q7 (Orange),0,3.4,0,0,0,0,93.7,11.8,6.9,8.7,8.2,8.7
Q8 (Purplish blue),0,4.1,0,0,0,0,99.1,86.8,61.8,51.8,40.5,42.2
Q9 (Moderate red),0,4.9,0,0,0,0,85.8,53.9,44.3,42.2,40.8,41.5
Q10 (Purple),0,4.7,0,0,0,0,34.5,21.1,15.5,15.2,15.6,15.9
Q11 (Yellow green),0,4.7,0,0,0,0,95,80.3,92.3,30.9,16.6,17.2
Q12 (Orange yellow),0,4,0,0,0,0,95.5,18.8,9.5,8.5,7.1,7.4
Q13 (Blue),0,3.2,0,0,0,0,99.9,90.2,74,67,51.4,53.3
Q14 (Green),0,7.4,0,0,0,0,88,68.6,53.5,30.3,21.6,22.9
Q15 (Red),0,2.2,0,0,0,0,51.9,16.3,11.8,11.1,11,11.2
Q16 (Yellow),0,4.6,0,0,0,0,98.3,51.6,34,17,10.7,11.1
Q17 (Magenta),0,0.1,0,0,0,0,47.8,20,0.1,0.1,0.1,0.1
Q18 (Cyan),0,3,0,0,0,0,40.4,21.9,8.7,7.3,7,7.3
Q19 (White 90.01%),0,99.9,0,0,0,0,93.6,99.4,99.9,99.9,100,100
Q20 (Neutral 8 59.1%),0,99.9,0,0,0,0,95.3,99.5,99.9,100,100,100
Q21 (Neutral 6.5 36.2%),0,99.9,0,0,0,0,96.8,99.7,100,100,100,100
Q22 (Neutral 5 19.77%),0,100,0,0,0,0,98.1,99.8,100,100,100,100
Q23 (Neutral 3.5 9%),0,100,0,0,0,0,98.9,99.9,100,100,100,100
Q24 (Black 3.13),0,100,0,0,0,0,99.5,100,100,100,100,100
Qa,0,0.7,0,0,0,0,56.2,25.4,0.6,0.6,0.6,0.6
,,,,,,,,,,,,
TLMF - 2013,,,,,,,,,,,,
Reference name,Default,Default,Default,Default,Default,Default,Default,Default,Default,Default,Default,Default
Q1 (Dark skin),0,0.3,0,0,0,0,76.4,1.1,0.8,0.8,0.8,0.8
Q2 (Light skin),0,0.2,0,0,0,0,41.8,0.7,0.5,0.5,0.5,0.5
Q3 (Blue sky),0,0.5,0,0,0,0,59.5,1,0.8,0.8,0.8,0.9
Q4 (Foliage),0,0.1,0,0,0,0,99.1,0.5,0.4,0.4,0.4,0.4
Q5 (Blue flower),0,0.4,0,0,0,0,59.6,0.3,0.3,0.3,0.3,0.3
Q6 (Bluish green),0,0.2,0,0,0,0,54.8,0.3,0.2,0.2,0.2,0.2
Q7 (Orange),0,0.2,0,0,0,0,61.4,0.6,0.5,0.5,0.5,0.5
Q8 (Purplish blue),0,0.2,0,0,0,0,88.9,0.3,0.4,0.4,0.4,0.4
Q9 (Moderate red),0,0.1,0,0,0,0,41.8,0.5,0.4,0.3,0.3,0.4
Q10 (Purple),0,0.5,0,0,0,0,16.6,0.3,0.3,0.3,0.3,0.3
Q11 (Yellow green),0,1.7,0,0,0,0,92.2,0.3,0.2,0.2,0.2,0.2
Q12 (Orange yellow),0,0.4,0,0,0,0,50.2,0.5,0.4,0.4,0.4,0.4
Q13 (Blue),0,0.2,0,0,0,0,95.4,0.9,0.3,0.3,0.3,0.3
Q14 (Green),0,0.1,0,0,0,0,88.2,0.5,0.3,0.3,0.3,0.3
Q15 (Red),0,0.1,0,0,0,0,35.7,0.5,0.3,0.3,0.3,0.3
Q16 (Yellow),0,0.5,0,0,0,0,64.5,0.3,0.3,0.2,0.2,0.3
Q17 (Magenta),0,0.3,0,0,0,0,14.2,0.1,0.1,0.1,0.1,0.1
Q18 (Cyan),0,0.6,0,0,0,0,79.2,2.7,3.5,3,3,3.1
Q19 (White 90.01%),0,0.3,0,0,0,0,49.4,0.4,0.3,0.3,0.3,0.3
Q20 (Neutral 8 59.1%),0,0.3,0,0,0,0,57.2,0.5,0.4,0.4,0.4,0.4
Q21 (Neutral 6.5 36.2%),0,0.3,0,0,0,0,66.4,0.5,0.4,0.4,0.4,0.4
Q22 (Neutral 5 19.77%),0,0.3,0,0,0,0,75.7,0.6,0.5,0.5,0.5,0.5
Q23 (Neutral 3.5 9%),0,0.4,0,0,0,0,85.1,0.8,0.7,0.6,0.7,0.7
Q24 (Black 3.13),0,0.6,0,0,0,0,92.4,1.3,1,1,1,1
Qa,0,0.2,0,0,0,0,40,0.3,0.3,0.3,0.3,0.3
,,,,,,,,,,,,
IES TM-30-15,,,,,,,,,,,,
Rf,0,0,0,0,0,0,65,56,46,39,36,37
Rg,0,172,0,0,0,0,77,77,56,45,41,41
(Rf; Chroma; Hue) for Hue Bin 1,0; 0%; 0%,0; -0%; -5%,0; 0%; 0%,0; 0%; 0%,0; 0%; 0%,0; 0%; 0%,69; -12%; 7%,45; -26%; 8%,36; -32%; -2%,32; -34%; -9%,31; -33%; -11%,33; -32%; -11%
(Rf; Chroma; Hue) for Hue Bin 2,0; 0%; 0%,0; -86%; 111%,0; 0%; 0%,0; 0%; 0%,0; 0%; 0%,0; 0%; 0%,87; -3%; 2%,44; -21%; 20%,31; -36%; 8%,25; -39%; -5%,22; -40%; -9%,22; -41%; -9%
(Rf; Chroma; Hue) for Hue Bin 3,0; 0%; 0%,0; -168%; 569%,0; 0%; 0%,0; 0%; 0%,0; 0%; 0%,0; 0%; 0%,77; -7%; -9%,44; -10%; 26%,25; -34%; 15%,10; -47%; 3%,6; -51%; -2%,6; -51%; -3%
(Rf; Chroma; Hue) for Hue Bin 4,0; 0%; 0%,0; 53%; 451%,0; 0%; 0%,0; 0%; 0%,0; 0%; 0%,0; 0%; 0%,64; -14%; -15%,76; -7%; 9%,62; -28%; 10%,48; -42%; 5%,44; -46%; 4%,43; -46%; 3%
(Rf; Chroma; Hue) for Hue Bin 5,0; 0%; 0%,0; 249%; 430%,0; 0%; 0%,0; 0%; 0%,0; 0%; 0%,0; 0%; 0%,57; -26%; -11%,84; -10%; -2%,79; -25%; 7%,69; -38%; 8%,66; -41%; 9%,66; -41%; 9%
(Rf; Chroma; Hue) for Hue Bin 6,0; 0%; 0%,0; 255%; 188%,0; 0%; 0%,0; 0%; 0%,0; 0%; 0%,0; 0%; 0%,59; -25%; -0%,74; -12%; -7%,66; -23%; 3%,56; -31%; 7%,52; -33%; 9%,51; -33%; 10%
(Rf; Chroma; Hue) for Hue Bin 7,0; 0%; 0%,0; 214%; 28%,0; 0%; 0%,0; 0%; 0%,0; 0%; 0%,0; 0%; 0%,57; -23%; 12%,59; -23%; -8%,48; -28%; -7%,42; -32%; -2%,40; -34%; 0%,40; -33%; 1%
(Rf; Chroma; Hue) for Hue Bin 8,0; 0%; 0%,0; 196%; -60%,0; 0%; 0%,0; 0%; 0%,0; 0%; 0%,0; 0%; 0%,50; -14%; 23%,49; -32%; 11%,35; -45%; -2%,33; -46%; -9%,32; -46%; -11%,34; -45%; -10%
(Rf; Chroma; Hue) for Hue Bin 9,0; 0%; 0%,0; 109%; -106%,0; 0%; 0%,0; 0%; 0%,0; 0%; 0%,0; 0%; 0%,61; -3%; 32%,36; -20%; 25%,29; -33%; 11%,27; -35%; -4%,23; -36%; -10%,25; -35%; -10%
(Rf; Chroma; Hue) for Hue Bin 10,0; 0%; 0%,0; 23%; -72%,0; 0%; 0%,0; 0%; 0%,0; 0%; 0%,0; 0%; 0%,66; 5%; 19%,40; -11%; 32%,29; -33%; 27%,27; -42%; 11%,24; -45%; 3%,25; -44%; 3%
(Rf; Chroma; Hue) for Hue Bin 11,0; 0%; 0%,0; -81%; 115%,0; 0%; 0%,0; 0%; 0%,0; 0%; 0%,0; 0%; 0%,77; 9%; -2%,57; 4%; 27%,25; -21%; 34%,21; -34%; 26%,18; -39%; 21%,19; -39%; 20%
(Rf; Chroma; Hue) for Hue Bin 12,0; 0%; 0%,0; -33%; 86%,0; 0%; 0%,0; 0%; 0%,0; 0%; 0%,0; 0%; 0%,67; 2%; -21%,71; 10%; 9%,47; -9%; 30%,31; -24%; 28%,22; -33%; 27%,25; -33%; 29%
(Rf; Chroma; Hue) for Hue Bin 13,0; 0%; 0%,0; -317%; -527%,0; 0%; 0%,0; 0%; 0%,0; 0%; 0%,0; 0%; 0%,63; -8%; -28%,77; 7%; -21%,75; -5%; 3%,59; -23%; 18%,53; -31%; 20%,57; -31%; 10%
(Rf; Chroma; Hue) for Hue Bin 14,0; 0%; 0%,0; 243%; 271%,0; 0%; 0%,0; 0%; 0%,0; 0%; 0%,0; 0%; 0%,61; -17%; -15%,30; -8%; -34%,72; -14%; -17%,66; -25%; -9%,62; -29%; -5%,63; -29%; -4%
(Rf; Chroma; Hue) for Hue Bin 15,0; 0%; 0%,0; -79%; -55%,0; 0%; 0%,0; 0%; 0%,0; 0%; 0%,0; 0%; 0%,55; -13%; -25%,57; -14%; -24%,65; -13%; -16%,65; -18%; -8%,63; -20%; -4%,64; -19%; -3%
(Rf; Chroma; Hue) for Hue Bin 16,0; 0%; 0%,0; 89%; -33%,0; 0%; 0%,0; 0%; 0%,0; 0%; 0%,0; 0%; 0%,68; -15%; 4%,48; -24%; -20%,47; -27%; -14%,47; -28%; -11%,47; -29%; -9%,49; -28%; -9%
,,,,,,,,,,,,
CIE2017 Color Fidelity Index,,,,,,,,,,,,
Rf (general fidelity index),0,0,0,0,0,0,69.5,60.9,51.7,45.6,42.9,43.4
Rf1,0,0,0,0,0,0,79.8,62,56.3,55.8,55.7,56.6
Rf2,0,0,0,0,0,0,67.4,38.5,30.6,26.8,25.4,26.5
Rf3,0,30.9,0,0,0,0,70.7,56,47.9,46.9,47.4,48.3
Rf4,0,0,0,0,0,0,62.2,39.1,34,32,30.6,31.6
Rf5,0,0,0,0,0,0,53.2,15.5,8,5.3,4.4,4.9
Rf6,0,17.1,0,0,0,0,80.2,42.9,30.2,28.7,28.6,29.8
Rf7,0,3.6,0,0,0,0,74.9,39.8,25.5,18.8,16.9,17.4
Rf8,0,0.1,0,0,0,0,69.5,31.5,17.4,13.1,12.1,12.7
Rf9,0,1,0,0,0,0,89.2,92.9,94.2,94.7,95,95.1
Rf10,0,0,0,0,0,0,90.7,36.4,27,18.3,14.7,15.4
Rf11,0,0,0,0,0,0,81.3,20.1,11.9,7.1,5.4,6
Rf12,0,0,0,0,0,0,82.9,26.6,18.2,9.5,6.7,7
Rf13,0,0,0,0,0,0,91.9,64.9,54.9,44.8,40.8,40.8
Rf14,0,0,0,0,0,0,96.4,86.2,79.9,76.9,75.7,75.9
Rf15,0,0,0,0,0,0,76.1,73.8,63.4,59.3,58.4,58.7
Rf16,0,0,0,0,0,0,79,45.8,30.2,25,23.4,24
Rf17,0,0,0,0,0,0,86.3,45.6,27,21.3,19.7,20.6
Rf18,0,0,0,0,0,0,79.7,71.2,58.3,52.4,50.6,50.8
Rf19,0,0,0,0,0,0,93.1,52.1,36.3,22.3,17.2,17.4
Rf20,0,0,0,0,0,0,61.9,48.9,34.8,23.3,18.4,18.4
Rf21,0,0,0,0,0,0,89,51.1,31.7,15,9.6,9.6
Rf22,0,0,0,0,0,0,76.1,51.6,30.9,15.4,10.5,10.5
Rf23,0,0,0,0,0,0,83.5,87.5,75.3,67.9,65.3,65.1
Rf24,0,0,0,0,0,0,84.1,73.1,54.3,36,28.9,28.6
Rf25,0,0,0,0,0,0,89.2,59.4,34.9,11.8,6,5.7
Rf26,0,0,0,0,0,0,70.4,73.2,49.2,28.9,21.7,21.3
Rf27,0,0,0,0,0,0,66.9,90.6,77.4,67.5,65.4,64.8
Rf28,0,0,0,0,0,0,89.7,93.6,79.1,63.3,58,57.6
Rf29,0,0,0,0,0,0,42.3,83.1,57.4,40.2,34.7,33.9
Rf30,0,0,0,0,0,0,31.2,71.1,72.2,69.7,70.6,69.9
Rf31,0,0,0,0,0,0,46.6,88.4,62,43.2,37,36.1
Rf32,0,0,0,0,0,0,60.8,80.3,51.7,30.7,23.4,22.7
Rf33,0,0,0,0,0,0,39.9,77.4,73,67.7,66.6,65.9
Rf34,0,0,0,0,0,0,73.7,93.3,63.1,37.8,29.4,28.5
Rf35,0,0,0,0,0,0,85.6,93.6,82.4,67.9,62.8,62.4
Rf36,0,0,0,0,0,0,52.9,77,86.3,87.8,91.5,90.6
Rf37,0,0,0,0,0,0,81.8,94.9,75.3,58.1,52.6,52
Rf38,0,0,0,0,0,0,27.1,65.2,75.8,76.7,80.1,78.8
Rf39,0,0,0,0,0,0,84.3,90.7,87.1,84.5,83.6,83.2
Rf40,0,0,0,0,0,0,78.5,83.6,73.2,66.3,63.6,63.1
Rf41,0,0,0,0,0,0,61.4,78.5,87.2,90.7,92.5,92.1
Rf42,0,0,0,0,0,0,69.1,69.4,54.1,37.4,31.5,31.1
Rf43,0,0,0,0,0,0,54.1,62.2,49.1,38.2,33.9,33.8
Rf44,0,23.1,0,0,0,0,97,98.2,97.9,97.5,97.5,97.4
Rf45,0,0,0,0,0,0,64.4,63.1,53.4,48.9,47.4,47.8
Rf46,0,0,0,0,0,0,58.5,65.2,58.7,57.4,57.3,57.9
Rf47,0,0,0,0,0,0,43.1,61,79.4,86.3,87.3,87.2
Rf48,0,0,0,0,0,0,36.8,49.5,44.7,43.5,43.6,44.9
Rf49,0,0,0,0,0,0,60.6,62.4,51.5,50,50.1,51.1
Rf50,0,0,0,0,0,0,68.9,58.6,44.5,42.1,41.6,43
Rf51,0,0,0,0,0,0,68.2,55.8,40.3,38.2,37.3,38.8
Rf52,0,0,0,0,0,0,76.7,53.8,29,25.4,24.9,26.6
Rf53,0,0,0,0,0,0,59.3,36.4,19.6,17.4,16.1,17.8
Rf54,0,0,0,0,0,0,66.6,64.5,64.4,60.5,57.7,58.5
Rf55,0,0,0,0,0,0,59,52.2,53.6,51,47.4,48.4
Rf56,0,0,0,0,0,0,51.1,32,26.2,23.2,19.4,20.7
Rf57,0,0,0,0,0,0,44.2,24.6,18.4,18.2,14.7,16.1
Rf58,0,0,0,0,0,0,46,27.4,23.1,23.3,18.9,20.2
Rf59,0,0.8,0,0,0,0,85.2,63.3,52.9,50.3,49,49.9
Rf60,0,3.2,0,0,0,0,78,76.9,78.9,77.8,75.6,76
Rf61,0,10.3,0,0,0,0,82.3,59.4,48.8,48.2,47.1,48.1
Rf62,0,0,0,0,0,0,48.7,67.7,90.8,80.3,70.3,71
Rf63,0,0,0,0,0,0,63.6,82.4,80.5,71.6,67.8,67.8
Rf64,0,0,0,0,0,0,59.5,26.9,11.1,13.2,11.5,12.6
Rf65,0,13.5,0,0,0,0,65.2,48.4,39.7,32.9,27.5,28.1
Rf66,0,0,0,0,0,0,57.4,32.6,9.8,8.9,7.5,8.3
Rf67,0,0,0,0,0,0,59.8,33,9.6,8.6,7.2,8
Rf68,0,0,0,0,0,0,84.4,50.7,29.7,25.7,23.4,24.6
Rf69,0,33.8,0,0,0,0,84.7,70.6,58.6,51.5,47,47.4
Rf70,0,0,0,0,0,0,88.7,54.2,31.9,26.1,22.4,23.4
Rf71,0,0.3,0,0,0,0,68.2,58.5,35.1,22.5,15.3,16
Rf72,0,0.8,0,0,0,0,91.9,81.6,75.9,71,68.1,68.4
Rf73,0,0,0,0,0,0,90.5,54,22.8,17.3,14.8,16
Rf74,0,9.8,0,0,0,0,79.6,77,78.4,76,73.7,74.7
Rf75,0,0,0,0,0,0,75.5,70.5,53.1,38.7,29.3,29.7
Rf76,0,0,0,0,0,0,74.8,72.3,29.3,14,8.9,9.5
Rf77,0,0,0,0,0,0,74.1,67.9,72.3,62.3,54.7,55.1
Rf78,0,0,0,0,0,0,73.4,81.6,49.7,36.4,29.4,30.1
Rf79,0,0,0,0,0,0,73.4,76.1,81,67.8,61.7,61.6
Rf80,0,0,0,0,0,0,68.3,72.7,80,67.4,60.2,60.2
Rf81,0,0,0,0,0,0,42.5,37.5,46.7,48.2,48,48.8
Rf82,0,0,0,0,0,0,87.3,89.8,90.3,83.3,80.2,80.2
Rf83,0,0,0,0,0,0,71.6,81.6,79.4,73,70.7,70.7
Rf84,0,0.2,0,0,0,0,89.5,88.2,91.8,90.3,88.6,88.5
Rf85,0,0,0,0,0,0,67.2,53.3,63.1,64.5,63,63.9
Rf86,0,0,0,0,0,0,47.9,37,42,43.4,43.9,44.9
Rf87,0,0,0,0,0,0,65.4,70.9,78.5,76,72.9,73
Rf88,0,0,0,0,0,0,66.9,68.1,66.3,65.1,65.3,65.8
Rf89,0,0,0,0,0,0,65.1,51.1,44.9,44.2,44.8,46.1
Rf90,0,0,0,0,0,0,60.4,66.7,63.8,63.3,64,64.8
Rf91,0,44.4,0,0,0,0,58.1,71,85.2,87.6,85.6,86.5
Rf92,0,0,0,0,0,0,55,38,39.6,40.8,41.8,42.8
Rf93,0,0,0,0,0,0,70.1,55.6,53.3,52.9,53.1,54.1
Rf94,0,0,0,0,0,0,58.4,30.2,20.4,19.4,20.2,21.4
Rf95,0,0,0,0,0,0,69.4,53.7,49.8,49.6,50.4,51.3
Rf96,0,0,0,0,0,0,80.5,62.6,54.4,53.4,53.8,54.7
Rf97,0,0,0,0,0,0,68.7,37.1,28.7,30.3,31.4,33.3
Rf98,0,0,0,0,0,0,64,41.9,36.3,34.3,33.6,35
Rf99,0,0,0,0,0,0,66,45,33.8,30,29,30
,,,,,,,,,,,,
PAR,,,,,,,,,,,,
Begin [nm],400,400,400,400,400,400,400,400,400,400,400,400
End [nm],700,700,700,700,700,700,700,700,700,700,700,700
Ephot (Begin..End) [umol/s sqm],1.63E-03,1.03E-02,5.83E-02,2.73E-01,7.01E-01,1.91E+00,1.30E-03,7.12E-03,5.60E-02,2.98E-01,2.78E+00,7.80E+00
,,,,,,,,,,,,
Circadian,,,,,,,,,,,,
Eec [W/sqm],0,0.001,0.008,0.034,0.087,0.242,0,0,0,0.002,0.015,0.044
acv,1.513,5.14,7.113,7.661,7.694,7.802,0.843,0.215,0.071,0.055,0.053,0.055
CCT [K],0,1347,0,0,0,0,5185,1994,1709,1682,1689,1708
,,,,,,,,,,,,
LED Values,,,,,,,,,,,,
Peak WL [nm],449,448,447,446,446,446,780,598,599,599,598,597
Peak FWHM [nm],14.8,14.4,14.8,16.6,17.8,18.2,4.6,75.7,74.3,73.8,75,75.3
Centroid WL [nm],463.8,448.9,447.4,445.3,445,445.5,736.7,607.1,610.3,610.4,610.5,610.5
,,,,,,,,,,,,
RGB Values (CIE1931 2°),,,,,,,,,,,,
RGB Space,manual,manual,manual,manual,manual,manual,manual,manual,manual,manual,manual,manual
R,0,0,0,0,0,0,0.1,1,9.2,49.3,459.8,1281.6
G,0.1,0.2,0.7,2.9,7.4,20.4,0.1,0.4,2.9,15.2,142.4,403.1
B,0.2,2.7,16.4,77.2,197.8,539.9,0.1,0.1,0.1,0.2,1,2.9
RGB Values (CIE1964 10°),,,,,,,,,,,,
RGB Space,manual,manual,manual,manual,manual,manual,manual,manual,manual,manual,manual,manual
R,0,0,0,0,0,0,0.1,1.1,9.9,53.1,495.5,1382.3
G,0.1,0.3,1.5,6.2,15.7,43.5,0.1,0.4,2.8,15,140.2,396.9
B,0.2,3,18.2,86,220.6,601.2,0.1,0.1,0.1,0.1,0.8,2.3
RGB Values (Judd-Vos 1978 2°),,,,,,,,,,,,
RGB Space,manual,manual,manual,manual,manual,manual,manual,manual,manual,manual,manual,manual
R,0,0,0,0,0.2,0,0.1,1,9.1,48.9,455.7,1270.2
G,0.1,0.2,0.8,3.4,8.7,23.8,0.1,0.4,2.9,15.3,143.3,405.6
B,0.2,2.4,14.4,68.8,177.2,481.3,0.1,0.1,0.1,0.1,0.8,2.3
RGB Values (CIE2006 2° Schanda-Csuti mod.),,,,,,,,,,,,
RGB Space,manual,manual,manual,manual,manual,manual,manual,manual,manual,manual,manual,manual
R,0,0,0,0,0,0,0.1,1.1,9.8,52.9,492.6,1373.2
G,0.1,0.3,1.2,5.2,13,35.9,0.1,0.4,3.1,16.1,151.2,427.9
B,0.2,2.7,16.6,80.3,207.3,561.3,0.1,0.1,0.1,0.1,0.5,1.3
RGB Values (CIE2006 2°),,,,,,,,,,,,
RGB Space,manual,manual,manual,manual,manual,manual,manual,manual,manual,manual,manual,manual
R,0,0,0,0,0,0,0.1,1.1,9.8,53,493.9,1376.9
G,0.1,0.3,1.2,5.3,13.4,36.9,0.1,0.4,3,16,150,424.4
B,0.2,2.8,17.1,81.4,209.1,568.7,0.1,0.1,0.1,0.1,0.6,1.8
RGB Values (CIE2006 10°),,,,,,,,,,,,
RGB Space,manual,manual,manual,manual,manual,manual,manual,manual,manual,manual,manual,manual
R,0,0,0,0,0,0,0.1,1.1,10.1,54.3,506.6,1413.3
G,0.1,0.4,1.7,7.1,17.9,49.5,0.1,0.4,2.8,14.8,139,393.5
B,0.2,3.1,19.1,90.1,231.2,629.7,0.1,0.1,0.1,0.1,0.8,2.5
RGB Values (CIE2006 2° TU Ilmenau mod.),,,,,,,,,,,,
RGB Space,manual,manual,manual,manual,manual,manual,manual,manual,manual,manual,manual,manual
R,0,0,0,0,0,0,0.1,1.1,9.8,52.8,492,1371.6
G,0.1,0.3,1.3,5.5,14,38.4,0.1,0.4,3,16,149.9,424.2
B,0.2,2.7,16.8,80.4,207.1,561.8,0.1,0.1,0.1,0.1,0.5,1.5
RGB Values (CIE2006 10° TU Ilmenau mod.),,,,,,,,,,,,
RGB Space,manual,manual,manual,manual,manual,manual,manual,manual,manual,manual,manual,manual
R,0,0,0,0,0,0,0.1,1.1,10,53.7,501.2,1398.5
G,0.1,0.4,1.7,7.1,18.1,50,0.1,0.4,2.8,14.9,139.7,395.4
B,0.2,3.1,18.8,89.8,230.8,627,0.1,0.1,0.1,0.1,0.7,2.2
,,,,,,,,,,,,
Ratio Values,,,,,,,,,,,,
Wavelength Range Dividend [nm],380 - 400,380 - 400,380 - 400,380 - 400,380 - 400,380 - 400,380 - 400,380 - 400,380 - 400,380 - 400,380 - 400,380 - 400
Wavelength Range Divisor [nm],400 - 420,400 - 420,400 - 420,400 - 420,400 - 420,400 - 420,400 - 420,400 - 420,400 - 420,400 - 420,400 - 420,400 - 420
Ratio Value,0,0,0.0222,0.0971,0.0269,0.1318,0,0,0.0719,16.0729,4.6644,0.7184
,,,,,,,,,,,,
ISO 23603: 2005 Metamerism,,,,,,,,,,,,
Ref. Illum.,CIE Daylight D50,CIE Daylight D50,CIE Daylight D50,CIE Daylight D50,CIE Daylight D50,CIE Daylight D50,CIE Daylight D50,CIE Daylight D50,CIE Daylight D50,CIE Daylight D50,CIE Daylight D50,CIE Daylight D50
Mv [380; 780],2.779,4.551,4.577,4.965,5.135,5.15,5.438,6.874,5.592,4.141,3.683,3.697
Quality Grade,not graded,not graded,not graded,not graded,not graded,not graded,not graded,not graded,not graded,not graded,not graded,not graded
dE1,3.485,5.474,5.07,5.526,5.702,5.699,5.215,8.06,6.728,4.931,4.569,4.52
dE2,4.152,2.209,1.428,1.295,1.277,1.333,3.719,5.32,5.232,4.405,4.15,3.979
dE3,1.398,5.458,5.615,5.968,6.205,6.212,4.363,4.738,3.357,3.105,3.775,3.972
dE4,3.096,4.68,4.879,5.434,5.63,5.665,6.731,9.261,8.116,6.294,5.097,4.937
dE5,1.762,4.935,5.896,6.602,6.86,6.84,7.162,6.992,4.529,1.969,0.822,1.076
,,,,,,,,,,,,
Hazard,Actinic UV skin&eye,Actinic UV skin&eye,Actinic UV skin&eye,Actinic UV skin&eye,Actinic UV skin&eye,Actinic UV skin&eye,Actinic UV skin&eye,Actinic UV skin&eye,Actinic UV skin&eye,Actinic UV skin&eye,Actinic UV skin&eye,Actinic UV skin&eye
Result of relevant equation,0.00E+00,0.00E+00,1.34E-10,3.72E-09,2.26E-09,3.72E-08,0.00E+00,0.00E+00,8.35E-13,1.30E-10,1.14E-08,2.03E-09
Risk group,RG0,RG0,RG0,RG0,RG0,RG0,RG0,RG0,RG0,RG0,RG0,RG0
Max. permissible exposure time [s],#NAME?,#NAME?,#NAME?,#NAME?,#NAME?,#NAME?,#NAME?,#NAME?,#NAME?,#NAME?,#NAME?,#NAME?
,,,,,,,,,,,,
,,,,,,,,,,,,
Wavelength [nm],Ee [W/(sqm*nm)],Ee [W/(sqm*nm)],Ee [W/(sqm*nm)],Ee [W/(sqm*nm)],Ee [W/(sqm*nm)],Ee [W/(sqm*nm)],Ee [W/(sqm*nm)],Ee [W/(sqm*nm)],Ee [W/(sqm*nm)],Ee [W/(sqm*nm)],Ee [W/(sqm*nm)],Ee [W/(sqm*nm)]
380,0.00E+00,0.00E+00,0.00E+00,1.21E-06,0.00E+00,6.18E-05,0.00E+00,0.00E+00,2.65E-08,0.00E+00,0.00E+00,0.00E+00
381,0.00E+00,0.00E+00,3.09E-07,8.06E-07,0.00E+00,3.99E-05,0.00E+00,0.00E+00,0.00E+00,0.00E+00,1.82E-06,5.03E-06
382,0.00E+00,0.00E+00,5.26E-07,4.47E-07,0.00E+00,3.02E-05,0.00E+00,0.00E+00,0.00E+00,7.91E-08,2.64E-06,7.28E-06
383,0.00E+00,0.00E+00,5.33E-07,1.35E-07,0.00E+00,5.66E-05,0.00E+00,0.00E+00,0.00E+00,3.98E-07,7.96E-07,2.20E-06
384,0.00E+00,0.00E+00,3.32E-07,0.00E+00,0.00E+00,5.70E-05,0.00E+00,0.00E+00,0.00E+00,6.80E-07,6.16E-06,0.00E+00
385,0.00E+00,0.00E+00,2.75E-08,0.00E+00,0.00E+00,4.08E-05,0.00E+00,0.00E+00,0.00E+00,8.97E-07,1.54E-05,0.00E+00
386,0.00E+00,0.00E+00,0.00E+00,3.25E-06,1.33E-06,4.44E-05,0.00E+00,0.00E+00,0.00E+00,3.50E-07,2.59E-05,0.00E+00
387,0.00E+00,0.00E+00,0.00E+00,6.75E-06,1.81E-06,4.55E-05,0.00E+00,0.00E+00,0.00E+00,0.00E+00,3.00E-05,0.00E+00
388,0.00E+00,0.00E+00,0.00E+00,1.25E-05,5.02E-07,3.74E-05,0.00E+00,0.00E+00,0.00E+00,0.00E+00,2.22E-05,0.00E+00
389,0.00E+00,0.00E+00,0.00E+00,1.39E-05,4.37E-07,3.57E-05,0.00E+00,0.00E+00,0.00E+00,0.00E+00,1.72E-05,0.00E+00
390,0.00E+00,0.00E+00,0.00E+00,1.25E-05,1.24E-06,3.80E-05,0.00E+00,0.00E+00,0.00E+00,0.00E+00,1.34E-05,0.00E+00
391,0.00E+00,0.00E+00,0.00E+00,5.99E-06,8.70E-07,3.74E-05,0.00E+00,0.00E+00,0.00E+00,0.00E+00,1.53E-05,0.00E+00
392,0.00E+00,0.00E+00,0.00E+00,8.51E-07,3.80E-07,3.70E-05,0.00E+00,0.00E+00,0.00E+00,0.00E+00,1.63E-05,0.00E+00
393,0.00E+00,0.00E+00,0.00E+00,3.41E-06,1.09E-07,3.86E-05,0.00E+00,0.00E+00,0.00E+00,0.00E+00,1.13E-05,0.00E+00
394,0.00E+00,0.00E+00,1.30E-07,5.17E-06,0.00E+00,3.11E-05,0.00E+00,0.00E+00,0.00E+00,0.00E+00,9.81E-06,5.32E-07
395,0.00E+00,0.00E+00,3.42E-07,6.33E-06,0.00E+00,1.78E-05,0.00E+00,0.00E+00,0.00E+00,0.00E+00,1.08E-05,1.39E-06
396,0.00E+00,0.00E+00,2.67E-07,5.80E-06,8.99E-06,3.04E-05,0.00E+00,0.00E+00,0.00E+00,0.00E+00,1.93E-05,2.19E-06
397,0.00E+00,0.00E+00,1.55E-07,4.69E-06,1.71E-05,4.55E-05,0.00E+00,0.00E+00,0.00E+00,0.00E+00,2.48E-05,3.52E-06
398,0.00E+00,0.00E+00,5.13E-08,1.90E-06,1.68E-05,5.60E-05,0.00E+00,0.00E+00,0.00E+00,0.00E+00,1.22E-05,7.62E-06
399,0.00E+00,0.00E+00,0.00E+00,1.09E-06,1.35E-05,5.27E-05,0.00E+00,0.00E+00,0.00E+00,0.00E+00,6.51E-06,1.24E-05
400,0.00E+00,0.00E+00,0.00E+00,2.24E-06,7.45E-06,3.61E-05,0.00E+00,0.00E+00,0.00E+00,0.00E+00,7.51E-06,1.76E-05
401,0.00E+00,0.00E+00,0.00E+00,8.63E-06,7.52E-06,3.41E-05,0.00E+00,7.53E-08,0.00E+00,0.00E+00,3.94E-06,8.98E-06
402,0.00E+00,0.00E+00,0.00E+00,1.37E-05,9.69E-06,3.68E-05,0.00E+00,1.32E-07,0.00E+00,0.00E+00,3.90E-07,0.00E+00
403,0.00E+00,0.00E+00,0.00E+00,8.63E-06,1.68E-05,4.86E-05,0.00E+00,4.31E-08,0.00E+00,0.00E+00,1.27E-07,0.00E+00
404,0.00E+00,0.00E+00,4.01E-07,7.98E-06,1.58E-05,5.20E-05,0.00E+00,0.00E+00,0.00E+00,0.00E+00,0.00E+00,0.00E+00
405,0.00E+00,0.00E+00,1.22E-06,1.16E-05,6.59E-06,4.72E-05,0.00E+00,0.00E+00,0.00E+00,0.00E+00,0.00E+00,0.00E+00
406,0.00E+00,0.00E+00,7.27E-07,1.08E-05,1.66E-05,6.32E-05,0.00E+00,0.00E+00,0.00E+00,0.00E+00,0.00E+00,9.70E-07
407,0.00E+00,0.00E+00,2.91E-07,9.89E-06,3.15E-05,8.49E-05,0.00E+00,0.00E+00,0.00E+00,0.00E+00,4.68E-07,3.11E-06
408,0.00E+00,0.00E+00,2.72E-06,1.63E-05,4.74E-05,1.09E-04,0.00E+00,0.00E+00,0.00E+00,0.00E+00,4.37E-06,1.21E-05
409,0.00E+00,0.00E+00,3.07E-06,2.02E-05,6.02E-05,1.32E-04,0.00E+00,0.00E+00,0.00E+00,0.00E+00,9.36E-06,1.55E-05
410,0.00E+00,0.00E+00,9.45E-07,2.11E-05,6.91E-05,1.54E-04,0.00E+00,0.00E+00,0.00E+00,0.00E+00,1.56E-05,1.22E-05
411,0.00E+00,0.00E+00,2.16E-06,2.62E-05,8.47E-05,2.01E-04,0.00E+00,0.00E+00,0.00E+00,0.00E+00,1.15E-05,6.55E-06
412,0.00E+00,6.33E-09,4.14E-06,3.29E-05,1.02E-04,2.53E-04,0.00E+00,0.00E+00,6.33E-09,0.00E+00,5.07E-06,8.75E-07
413,0.00E+00,7.44E-08,4.70E-06,4.43E-05,1.28E-04,3.08E-04,0.00E+00,0.00E+00,7.44E-08,0.00E+00,1.87E-06,3.23E-07
414,0.00E+00,1.15E-07,5.76E-06,5.54E-05,1.56E-04,3.82E-04,0.00E+00,0.00E+00,8.59E-08,0.00E+00,0.00E+00,2.33E-07
415,0.00E+00,1.15E-07,7.52E-06,6.58E-05,1.89E-04,4.82E-04,0.00E+00,0.00E+00,1.76E-08,0.00E+00,0.00E+00,7.97E-07
416,0.00E+00,1.04E-06,1.12E-05,7.97E-05,2.32E-04,5.84E-04,0.00E+00,0.00E+00,0.00E+00,0.00E+00,0.00E+00,5.26E-07
417,0.00E+00,2.20E-06,1.56E-05,9.59E-05,2.80E-04,6.91E-04,0.00E+00,0.00E+00,0.00E+00,0.00E+00,1.42E-08,0.00E+00
418,0.00E+00,1.90E-06,2.06E-05,1.25E-04,3.47E-04,8.67E-04,0.00E+00,0.00E+00,0.00E+00,0.00E+00,2.18E-07,0.00E+00
419,0.00E+00,2.27E-06,2.49E-05,1.53E-04,4.24E-04,1.05E-03,0.00E+00,0.00E+00,0.00E+00,5.43E-08,2.60E-07,0.00E+00
420,0.00E+00,3.62E-06,2.81E-05,1.80E-04,5.16E-04,1.25E-03,0.00E+00,0.00E+00,0.00E+00,1.91E-07,5.64E-08,0.00E+00
421,0.00E+00,4.56E-06,3.20E-05,2.20E-04,6.09E-04,1.51E-03,0.00E+00,0.00E+00,0.00E+00,1.30E-07,2.89E-07,4.39E-06
422,0.00E+00,5.35E-06,3.65E-05,2.65E-04,7.04E-04,1.78E-03,0.00E+00,0.00E+00,0.00E+00,0.00E+00,6.48E-07,1.06E-05
423,0.00E+00,6.30E-06,4.74E-05,3.18E-04,8.60E-04,2.14E-03,0.00E+00,0.00E+00,0.00E+00,0.00E+00,2.50E-07,2.16E-05
424,0.00E+00,7.38E-06,5.71E-05,3.79E-04,1.03E-03,2.52E-03,0.00E+00,0.00E+00,0.00E+00,0.00E+00,0.00E+00,2.70E-05
425,0.00E+00,8.69E-06,6.47E-05,4.52E-04,1.21E-03,2.96E-03,0.00E+00,0.00E+00,0.00E+00,0.00E+00,0.00E+00,2.26E-05
426,0.00E+00,1.03E-05,7.82E-05,5.31E-04,1.42E-03,3.47E-03,0.00E+00,0.00E+00,0.00E+00,0.00E+00,9.79E-06,2.36E-05
427,0.00E+00,1.20E-05,9.41E-05,6.13E-04,1.64E-03,4.02E-03,0.00E+00,0.00E+00,0.00E+00,0.00E+00,2.33E-05,2.69E-05
428,0.00E+00,1.28E-05,1.06E-04,6.95E-04,1.88E-03,4.64E-03,0.00E+00,0.00E+00,0.00E+00,0.00E+00,1.29E-05,2.60E-05
429,6.97E-08,1.40E-05,1.18E-04,7.81E-04,2.13E-03,5.27E-03,0.00E+00,0.00E+00,0.00E+00,0.00E+00,7.26E-06,2.97E-05
430,2.65E-07,1.55E-05,1.33E-04,8.77E-04,2.38E-03,5.94E-03,0.00E+00,0.00E+00,0.00E+00,0.00E+00,1.01E-05,4.16E-05
431,3.25E-07,1.83E-05,1.49E-04,9.63E-04,2.62E-03,6.64E-03,0.00E+00,0.00E+00,0.00E+00,1.31E-07,1.77E-05,4.72E-05
432,3.24E-07,2.17E-05,1.65E-04,1.04E-03,2.85E-03,7.35E-03,0.00E+00,0.00E+00,0.00E+00,3.21E-07,2.75E-05,4.99E-05
433,9.59E-07,2.38E-05,1.81E-04,1.15E-03,3.16E-03,8.19E-03,0.00E+00,0.00E+00,0.00E+00,1.28E-07,2.51E-05,4.70E-05
434,1.33E-06,2.61E-05,1.97E-04,1.25E-03,3.47E-03,9.01E-03,0.00E+00,0.00E+00,0.00E+00,0.00E+00,2.30E-05,5.03E-05
435,1.19E-06,2.85E-05,2.15E-04,1.34E-03,3.79E-03,9.79E-03,0.00E+00,0.00E+00,0.00E+00,0.00E+00,2.14E-05,6.59E-05
436,1.30E-06,3.19E-05,2.36E-04,1.46E-03,4.09E-03,1.07E-02,0.00E+00,0.00E+00,7.28E-07,8.50E-07,2.84E-05,7.56E-05
437,1.53E-06,3.57E-05,2.58E-04,1.60E-03,4.36E-03,1.16E-02,0.00E+00,0.00E+00,1.82E-06,2.12E-06,3.95E-05,8.22E-05
438,1.67E-06,4.12E-05,2.91E-04,1.74E-03,4.72E-03,1.27E-02,0.00E+00,0.00E+00,1.62E-06,4.49E-06,4.19E-05,1.04E-04
439,1.95E-06,4.70E-05,3.27E-04,1.90E-03,5.12E-03,1.37E-02,0.00E+00,0.00E+00,1.62E-06,5.82E-06,4.41E-05,1.23E-04
440,2.55E-06,5.35E-05,3.70E-04,2.10E-03,5.63E-03,1.50E-02,0.00E+00,0.00E+00,2.11E-06,5.04E-06,4.64E-05,1.34E-04
441,3.09E-06,6.16E-05,4.18E-04,2.30E-03,6.09E-03,1.62E-02,0.00E+00,3.59E-08,1.44E-06,4.82E-06,4.68E-05,1.40E-04
442,3.59E-06,7.05E-05,4.68E-04,2.49E-03,6.51E-03,1.74E-02,0.00E+00,9.07E-08,1.38E-07,4.90E-06,4.62E-05,1.42E-04
443,3.85E-06,8.00E-05,5.23E-04,2.67E-03,6.90E-03,1.84E-02,0.00E+00,3.89E-08,3.89E-08,5.77E-06,5.72E-05,1.50E-04
444,4.26E-06,8.90E-05,5.75E-04,2.82E-03,7.21E-03,1.92E-02,0.00E+00,0.00E+00,0.00E+00,6.38E-06,6.16E-05,1.56E-04
445,5.09E-06,9.69E-05,6.20E-04,2.91E-03,7.37E-03,1.97E-02,0.00E+00,0.00E+00,0.00E+00,6.32E-06,4.93E-05,1.55E-04
446,5.38E-06,1.04E-04,6.50E-04,2.94E-03,7.38E-03,1.98E-02,0.00E+00,0.00E+00,3.30E-08,6.01E-06,4.71E-05,1.50E-04
447,5.36E-06,1.10E-04,6.71E-04,2.93E-03,7.30E-03,1.96E-02,0.00E+00,0.00E+00,8.51E-08,5.56E-06,5.11E-05,1.43E-04
448,6.10E-06,1.11E-04,6.63E-04,2.82E-03,6.95E-03,1.88E-02,0.00E+00,0.00E+00,8.64E-08,5.93E-06,4.57E-05,1.37E-04
449,6.49E-06,1.11E-04,6.46E-04,2.67E-03,6.53E-03,1.79E-02,0.00E+00,0.00E+00,2.10E-07,5.91E-06,4.10E-05,1.31E-04
450,5.91E-06,1.08E-04,6.10E-04,2.45E-03,5.99E-03,1.67E-02,0.00E+00,0.00E+00,6.46E-07,4.81E-06,3.93E-05,1.26E-04
451,5.36E-06,1.01E-04,5.64E-04,2.22E-03,5.44E-03,1.54E-02,0.00E+00,0.00E+00,1.09E-06,4.80E-06,3.77E-05,1.18E-04
452,4.84E-06,9.24E-05,5.13E-04,2.00E-03,4.88E-03,1.40E-02,0.00E+00,0.00E+00,1.52E-06,5.46E-06,3.63E-05,1.08E-04
453,4.85E-06,8.24E-05,4.59E-04,1.78E-03,4.38E-03,1.26E-02,4.24E-08,4.67E-07,1.06E-06,5.92E-06,3.48E-05,1.07E-04
454,4.76E-06,7.28E-05,4.06E-04,1.58E-03,3.91E-03,1.13E-02,2.14E-07,8.00E-07,9.06E-07,5.97E-06,3.34E-05,1.07E-04
455,4.30E-06,6.41E-05,3.56E-04,1.40E-03,3.46E-03,1.02E-02,7.41E-07,7.00E-07,1.78E-06,4.96E-06,3.21E-05,1.05E-04
456,3.87E-06,5.63E-05,3.13E-04,1.25E-03,3.08E-03,9.11E-03,1.07E-06,1.09E-06,1.86E-06,5.00E-06,3.11E-05,1.06E-04
457,3.48E-06,4.91E-05,2.77E-04,1.12E-03,2.75E-03,8.17E-03,1.28E-06,1.81E-06,1.40E-06,5.76E-06,3.04E-05,1.07E-04
458,3.38E-06,4.43E-05,2.48E-04,1.01E-03,2.49E-03,7.35E-03,1.21E-06,1.54E-06,1.63E-06,4.68E-06,3.17E-05,9.85E-05
459,3.39E-06,4.01E-05,2.22E-04,9.02E-04,2.25E-03,6.58E-03,1.23E-06,1.34E-06,1.99E-06,3.65E-06,3.24E-05,9.11E-05
460,3.61E-06,3.71E-05,2.03E-04,8.23E-04,2.04E-03,5.92E-03,1.59E-06,1.58E-06,2.56E-06,3.20E-06,3.05E-05,9.00E-05
461,3.58E-06,3.45E-05,1.85E-04,7.46E-04,1.84E-03,5.34E-03,1.83E-06,1.52E-06,2.41E-06,3.50E-06,2.97E-05,9.31E-05
462,3.35E-06,3.22E-05,1.68E-04,6.72E-04,1.66E-03,4.84E-03,1.96E-06,1.25E-06,1.76E-06,4.34E-06,2.97E-05,9.92E-05
463,3.50E-06,2.90E-05,1.53E-04,6.07E-04,1.50E-03,4.38E-03,2.30E-06,1.75E-06,2.54E-06,5.33E-06,3.09E-05,9.14E-05
464,3.67E-06,2.61E-05,1.39E-04,5.46E-04,1.35E-03,3.94E-03,2.59E-06,2.21E-06,3.00E-06,6.08E-06,3.08E-05,8.25E-05
465,3.80E-06,2.42E-05,1.26E-04,4.88E-04,1.20E-03,3.52E-03,2.62E-06,2.32E-06,1.98E-06,6.09E-06,2.55E-05,7.38E-05
466,3.93E-06,2.27E-05,1.13E-04,4.34E-04,1.08E-03,3.16E-03,2.74E-06,2.46E-06,1.66E-06,6.37E-06,2.18E-05,7.43E-05
467,4.06E-06,2.13E-05,9.97E-05,3.85E-04,9.66E-04,2.84E-03,2.93E-06,2.62E-06,1.86E-06,6.85E-06,1.92E-05,8.16E-05
468,4.18E-06,1.90E-05,8.82E-05,3.44E-04,8.53E-04,2.53E-03,2.85E-06,2.80E-06,2.79E-06,6.10E-06,2.40E-05,7.89E-05
469,4.27E-06,1.67E-05,7.73E-05,3.05E-04,7.47E-04,2.24E-03,2.85E-06,3.04E-06,3.67E-06,5.67E-06,2.76E-05,7.34E-05
470,4.25E-06,1.54E-05,6.83E-05,2.69E-04,6.72E-04,2.01E-03,3.26E-06,3.46E-06,4.10E-06,6.87E-06,2.32E-05,6.21E-05
471,3.97E-06,1.39E-05,6.10E-05,2.39E-04,6.01E-04,1.80E-03,3.50E-06,3.75E-06,4.39E-06,6.73E-06,2.20E-05,5.48E-05
472,3.47E-06,1.23E-05,5.52E-05,2.14E-04,5.33E-04,1.61E-03,3.60E-06,3.93E-06,4.54E-06,5.40E-06,2.37E-05,5.10E-05
473,3.80E-06,1.16E-05,4.89E-05,1.94E-04,4.81E-04,1.45E-03,3.75E-06,3.69E-06,3.99E-06,3.28E-06,2.82E-05,5.32E-05
474,4.07E-06,1.10E-05,4.30E-05,1.74E-04,4.31E-04,1.30E-03,3.66E-06,3.50E-06,3.51E-06,1.81E-06,3.11E-05,5.60E-05
475,3.58E-06,1.05E-05,4.05E-05,1.52E-04,3.91E-04,1.17E-03,2.57E-06,3.76E-06,3.81E-06,3.62E-06,2.57E-05,5.80E-05
476,3.49E-06,9.83E-06,3.73E-05,1.36E-04,3.50E-04,1.04E-03,2.01E-06,3.78E-06,3.56E-06,4.72E-06,2.16E-05,5.34E-05
477,3.77E-06,8.99E-06,3.36E-05,1.25E-04,3.08E-04,9.28E-04,1.92E-06,3.59E-06,2.80E-06,5.18E-06,1.86E-05,4.28E-05
478,3.41E-06,8.74E-06,2.91E-05,1.14E-04,2.85E-04,8.47E-04,2.53E-06,3.25E-06,2.70E-06,6.46E-06,1.59E-05,4.07E-05
479,3.03E-06,8.40E-06,2.52E-05,1.03E-04,2.62E-04,7.68E-04,3.00E-06,2.94E-06,2.89E-06,6.87E-06,1.50E-05,4.08E-05
480,3.03E-06,7.49E-06,2.42E-05,8.99E-05,2.30E-04,6.81E-04,2.46E-06,2.89E-06,3.83E-06,3.24E-06,2.10E-05,4.45E-05
481,3.00E-06,6.52E-06,2.19E-05,8.03E-05,2.03E-04,6.05E-04,2.15E-06,2.70E-06,4.27E-06,2.66E-06,1.83E-05,4.12E-05
482,2.92E-06,5.54E-06,1.85E-05,7.37E-05,1.83E-04,5.39E-04,2.04E-06,2.38E-06,4.28E-06,4.67E-06,8.22E-06,3.21E-05
483,3.05E-06,5.34E-06,1.54E-05,6.58E-05,1.61E-04,4.75E-04,2.18E-06,2.29E-06,3.37E-06,2.56E-06,1.05E-05,3.47E-05
484,3.07E-06,5.15E-06,1.32E-05,5.86E-05,1.41E-04,4.19E-04,2.30E-06,2.28E-06,2.38E-06,7.95E-07,1.30E-05,3.71E-05
485,2.57E-06,4.57E-06,1.39E-05,5.35E-05,1.27E-04,3.83E-04,2.18E-06,2.42E-06,1.54E-06,2.37E-06,9.37E-06,3.33E-05
486,2.11E-06,3.93E-06,1.28E-05,4.72E-05,1.15E-04,3.45E-04,1.92E-06,2.12E-06,1.33E-06,2.89E-06,9.84E-06,3.06E-05
487,1.70E-06,3.24E-06,1.02E-05,4.00E-05,1.03E-04,3.05E-04,1.56E-06,1.46E-06,1.61E-06,2.58E-06,1.35E-05,2.88E-05
488,1.63E-06,2.43E-06,8.97E-06,3.59E-05,9.41E-05,2.70E-04,1.49E-06,1.40E-06,1.70E-06,1.49E-06,7.31E-06,2.67E-05
489,1.57E-06,1.91E-06,8.19E-06,3.23E-05,8.74E-05,2.40E-04,1.43E-06,1.44E-06,1.72E-06,6.14E-07,2.25E-06,2.48E-05
490,1.38E-06,2.41E-06,8.22E-06,2.81E-05,8.33E-05,2.24E-04,1.21E-06,1.55E-06,1.64E-06,7.84E-07,5.82E-06,2.25E-05
491,1.18E-06,2.56E-06,7.48E-06,2.54E-05,7.70E-05,2.09E-04,1.08E-06,1.60E-06,1.68E-06,1.05E-06,8.11E-06,2.37E-05
492,9.81E-07,2.41E-06,6.09E-06,2.40E-05,6.88E-05,1.97E-04,1.02E-06,1.61E-06,1.83E-06,1.39E-06,9.34E-06,2.77E-05
493,9.84E-07,2.47E-06,6.02E-06,2.41E-05,6.78E-05,1.88E-04,9.20E-07,1.55E-06,1.66E-06,2.51E-06,6.67E-06,2.92E-05
494,1.02E-06,2.42E-06,6.17E-06,2.39E-05,6.55E-05,1.79E-04,8.14E-07,1.41E-06,1.43E-06,3.40E-06,5.08E-06,2.71E-05
495,1.07E-06,1.69E-06,6.39E-06,2.13E-05,5.37E-05,1.64E-04,7.15E-07,9.89E-07,1.16E-06,2.82E-06,1.05E-05,1.18E-05
496,1.10E-06,1.56E-06,6.06E-06,1.95E-05,4.85E-05,1.53E-04,5.77E-07,9.54E-07,1.14E-06,1.76E-06,1.08E-05,1.07E-05
497,1.13E-06,2.01E-06,5.20E-06,1.85E-05,4.95E-05,1.46E-04,4.01E-07,1.27E-06,1.35E-06,2.16E-07,6.36E-06,2.29E-05
498,1.35E-06,2.18E-06,4.18E-06,1.62E-05,4.73E-05,1.36E-04,7.15E-07,1.18E-06,1.14E-06,8.28E-07,7.22E-06,3.04E-05
499,1.55E-06,2.13E-06,3.37E-06,1.41E-05,4.43E-05,1.27E-04,1.01E-06,1.03E-06,1.01E-06,1.44E-06,9.00E-06,3.53E-05
500,1.49E-06,1.36E-06,3.66E-06,1.38E-05,4.06E-05,1.28E-04,8.68E-07,9.63E-07,1.50E-06,4.65E-07,1.09E-05,3.16E-05
501,1.39E-06,1.13E-06,3.81E-06,1.48E-05,3.92E-05,1.23E-04,7.60E-07,8.30E-07,1.25E-06,2.13E-08,1.32E-05,2.90E-05
502,1.24E-06,1.38E-06,3.84E-06,1.70E-05,3.98E-05,1.13E-04,6.85E-07,6.34E-07,3.27E-07,6.20E-08,1.58E-05,2.72E-05
503,1.46E-06,1.70E-06,2.73E-06,1.55E-05,3.89E-05,1.06E-04,7.81E-07,1.13E-06,2.38E-07,7.00E-07,1.53E-05,2.84E-05
504,1.61E-06,1.84E-06,1.90E-06,1.41E-05,3.82E-05,1.01E-04,8.61E-07,1.48E-06,4.00E-07,1.22E-06,1.37E-05,2.99E-05
505,1.24E-06,1.22E-06,2.93E-06,1.53E-05,3.91E-05,9.93E-05,7.74E-07,7.86E-07,1.04E-06,8.86E-07,9.30E-06,3.07E-05
506,9.11E-07,1.06E-06,3.68E-06,1.57E-05,3.61E-05,9.98E-05,8.14E-07,5.70E-07,1.22E-06,1.62E-06,9.81E-06,3.25E-05
507,6.24E-07,1.28E-06,4.18E-06,1.55E-05,2.99E-05,1.02E-04,9.61E-07,7.59E-07,1.01E-06,3.25E-06,1.44E-05,3.53E-05
508,7.87E-07,1.47E-06,4.49E-06,1.44E-05,3.12E-05,9.92E-05,1.21E-06,9.48E-07,1.41E-06,3.34E-06,1.81E-05,5.12E-05
509,1.02E-06,1.54E-06,4.51E-06,1.27E-05,3.31E-05,9.47E-05,1.39E-06,1.13E-06,1.62E-06,3.54E-06,2.04E-05,6.31E-05
510,1.28E-06,1.18E-06,3.59E-06,9.82E-06,3.23E-05,8.88E-05,1.26E-06,1.27E-06,7.23E-07,5.08E-06,1.81E-05,5.35E-05
511,1.60E-06,1.14E-06,2.78E-06,1.07E-05,3.25E-05,8.81E-05,1.27E-06,1.19E-06,6.27E-07,5.09E-06,1.87E-05,5.95E-05
512,1.98E-06,1.36E-06,2.05E-06,1.46E-05,3.35E-05,9.17E-05,1.38E-06,9.19E-07,1.20E-06,3.82E-06,2.18E-05,7.86E-05
513,1.40E-06,1.84E-06,3.05E-06,1.45E-05,3.52E-05,8.59E-05,1.20E-06,1.06E-06,1.31E-06,2.45E-06,2.71E-05,8.18E-05
514,8.58E-07,2.19E-06,3.78E-06,1.39E-05,3.63E-05,7.98E-05,9.60E-07,1.23E-06,1.41E-06,1.79E-06,3.06E-05,8.45E-05
515,9.81E-07,1.93E-06,2.61E-06,1.35E-05,3.49E-05,7.78E-05,6.57E-07,1.32E-06,1.73E-06,3.90E-06,2.60E-05,9.40E-05
516,9.99E-07,2.00E-06,3.16E-06,1.25E-05,3.33E-05,8.26E-05,9.09E-07,1.22E-06,1.91E-06,5.96E-06,2.82E-05,1.08E-04
517,9.28E-07,2.33E-06,5.16E-06,1.11E-05,3.16E-05,9.31E-05,1.63E-06,9.51E-07,1.97E-06,7.99E-06,3.62E-05,1.26E-04
518,1.24E-06,2.02E-06,4.25E-06,1.32E-05,3.33E-05,8.99E-05,1.54E-06,1.42E-06,2.16E-06,7.44E-06,4.21E-05,1.46E-04
519,1.60E-06,1.65E-06,3.19E-06,1.53E-05,3.51E-05,8.63E-05,1.53E-06,1.74E-06,2.30E-06,6.85E-06,4.80E-05,1.64E-04
520,1.96E-06,1.33E-06,2.96E-06,1.62E-05,3.59E-05,8.76E-05,2.12E-06,1.22E-06,2.22E-06,7.25E-06,5.45E-05,1.74E-04
521,2.03E-06,1.64E-06,3.34E-06,1.52E-05,3.53E-05,8.95E-05,2.12E-06,1.28E-06,2.68E-06,7.86E-06,5.91E-05,1.93E-04
522,1.87E-06,2.43E-06,4.21E-06,1.28E-05,3.38E-05,9.18E-05,1.63E-06,1.80E-06,3.54E-06,8.64E-06,6.23E-05,2.20E-04
523,1.58E-06,2.03E-06,3.65E-06,1.35E-05,3.39E-05,9.03E-05,1.25E-06,1.87E-06,2.96E-06,1.13E-05,7.37E-05,2.63E-04
524,1.35E-06,1.65E-06,3.20E-06,1.43E-05,3.35E-05,8.83E-05,9.88E-07,1.88E-06,2.52E-06,1.31E-05,8.51E-05,3.03E-04
525,1.29E-06,1.78E-06,3.58E-06,1.46E-05,3.10E-05,8.56E-05,1.05E-06,1.89E-06,3.02E-06,1.20E-05,9.35E-05,3.33E-04
526,1.32E-06,1.96E-06,4.08E-06,1.44E-05,3.24E-05,8.65E-05,1.16E-06,1.78E-06,3.45E-06,1.14E-05,1.05E-04,3.65E-04
527,1.42E-06,2.16E-06,4.68E-06,1.38E-05,3.65E-05,8.98E-05,1.29E-06,1.57E-06,3.83E-06,1.12E-05,1.19E-04,4.00E-04
528,1.14E-06,2.25E-06,4.03E-06,1.43E-05,3.46E-05,8.80E-05,1.49E-06,1.77E-06,4.12E-06,1.44E-05,1.35E-04,4.42E-04
529,9.40E-07,2.12E-06,3.49E-06,1.51E-05,3.45E-05,8.71E-05,1.61E-06,1.88E-06,4.28E-06,1.72E-05,1.53E-04,4.88E-04
530,1.04E-06,1.34E-06,3.57E-06,1.62E-05,4.13E-05,9.03E-05,1.49E-06,1.61E-06,4.10E-06,1.82E-05,1.73E-04,5.44E-04
531,1.12E-06,1.23E-06,3.89E-06,1.48E-05,4.22E-05,9.11E-05,1.42E-06,1.63E-06,4.59E-06,2.04E-05,1.93E-04,6.13E-04
532,1.19E-06,1.58E-06,4.37E-06,1.17E-05,3.91E-05,9.03E-05,1.37E-06,1.83E-06,5.53E-06,2.34E-05,2.14E-04,6.90E-04
533,1.22E-06,1.44E-06,4.47E-06,1.29E-05,3.59E-05,9.26E-05,1.37E-06,1.98E-06,5.86E-06,2.54E-05,2.39E-04,7.68E-04
534,1.28E-06,1.39E-06,4.35E-06,1.39E-05,3.35E-05,9.36E-05,1.42E-06,2.05E-06,6.19E-06,2.75E-05,2.66E-04,8.51E-04
535,1.42E-06,1.70E-06,3.72E-06,1.34E-05,3.32E-05,9.09E-05,1.63E-06,1.93E-06,6.65E-06,3.02E-05,2.95E-04,9.47E-04
536,1.34E-06,2.23E-06,3.71E-06,1.30E-05,3.39E-05,8.92E-05,1.51E-06,1.79E-06,7.08E-06,3.41E-05,3.31E-04,1.05E-03
537,1.12E-06,2.90E-06,4.08E-06,1.26E-05,3.50E-05,8.83E-05,1.19E-06,1.65E-06,7.48E-06,3.88E-05,3.73E-04,1.15E-03
538,1.37E-06,2.44E-06,4.23E-06,1.35E-05,3.73E-05,8.98E-05,1.39E-06,1.82E-06,8.62E-06,4.13E-05,4.13E-04,1.26E-03
539,1.52E-06,1.96E-06,4.16E-06,1.46E-05,3.72E-05,9.22E-05,1.50E-06,2.12E-06,9.75E-06,4.44E-05,4.53E-04,1.39E-03
540,1.40E-06,1.60E-06,3.63E-06,1.58E-05,3.12E-05,9.65E-05,1.31E-06,2.67E-06,1.08E-05,4.95E-05,4.89E-04,1.53E-03
541,1.45E-06,1.54E-06,3.90E-06,1.53E-05,3.25E-05,9.69E-05,1.14E-06,2.74E-06,1.15E-05,5.48E-05,5.40E-04,1.69E-03
542,1.60E-06,1.65E-06,4.62E-06,1.39E-05,3.80E-05,9.52E-05,9.98E-07,2.54E-06,1.22E-05,6.02E-05,5.97E-04,1.84E-03
543,1.39E-06,1.50E-06,5.08E-06,1.44E-05,3.68E-05,9.71E-05,1.04E-06,2.88E-06,1.31E-05,6.86E-05,6.58E-04,2.01E-03
544,1.28E-06,1.36E-06,5.30E-06,1.44E-05,3.61E-05,9.81E-05,1.09E-06,2.95E-06,1.43E-05,7.66E-05,7.21E-04,2.19E-03
545,1.42E-06,1.25E-06,5.02E-06,1.36E-05,3.68E-05,9.72E-05,1.14E-06,2.39E-06,1.61E-05,8.41E-05,7.89E-04,2.40E-03
546,1.33E-06,1.42E-06,4.92E-06,1.55E-05,3.76E-05,9.60E-05,1.26E-06,2.51E-06,1.81E-05,9.04E-05,8.63E-04,2.62E-03
547,1.12E-06,1.74E-06,4.90E-06,1.87E-05,3.86E-05,9.48E-05,1.43E-06,2.96E-06,2.01E-05,9.60E-05,9.39E-04,2.83E-03
548,1.23E-06,1.35E-06,5.40E-06,1.71E-05,4.18E-05,1.02E-04,1.48E-06,3.36E-06,2.10E-05,1.06E-04,1.03E-03,3.10E-03
549,1.38E-06,1.25E-06,5.43E-06,1.63E-05,4.32E-05,1.08E-04,1.53E-06,3.62E-06,2.22E-05,1.17E-04,1.13E-03,3.38E-03
550,1.61E-06,1.65E-06,4.57E-06,1.66E-05,4.14E-05,1.12E-04,1.61E-06,3.61E-06,2.40E-05,1.27E-04,1.23E-03,3.67E-03
551,1.33E-06,1.72E-06,4.40E-06,1.71E-05,4.49E-05,1.15E-04,1.57E-06,3.97E-06,2.65E-05,1.39E-04,1.34E-03,3.96E-03
552,8.39E-07,1.63E-06,4.53E-06,1.75E-05,5.06E-05,1.18E-04,1.47E-06,4.48E-06,2.94E-05,1.51E-04,1.45E-03,4.24E-03
553,9.19E-07,1.64E-06,4.67E-06,1.70E-05,4.78E-05,1.21E-04,1.37E-06,4.56E-06,3.13E-05,1.61E-04,1.57E-03,4.58E-03
554,1.05E-06,1.66E-06,4.81E-06,1.68E-05,4.61E-05,1.22E-04,1.32E-06,4.70E-06,3.36E-05,1.73E-04,1.69E-03,4.93E-03
555,1.28E-06,1.71E-06,4.99E-06,1.68E-05,4.64E-05,1.21E-04,1.34E-06,4.96E-06,3.63E-05,1.88E-04,1.82E-03,5.28E-03
556,1.26E-06,1.85E-06,5.11E-06,1.88E-05,4.81E-05,1.23E-04,1.38E-06,5.15E-06,3.87E-05,2.03E-04,1.95E-03,5.66E-03
557,1.14E-06,1.97E-06,5.22E-06,2.14E-05,5.02E-05,1.25E-04,1.43E-06,5.33E-06,4.09E-05,2.19E-04,2.08E-03,6.05E-03
558,1.05E-06,1.41E-06,5.49E-06,1.99E-05,4.77E-05,1.26E-04,1.30E-06,5.77E-06,4.32E-05,2.31E-04,2.21E-03,6.39E-03
559,1.04E-06,1.30E-06,5.43E-06,1.95E-05,4.73E-05,1.27E-04,1.28E-06,6.14E-06,4.62E-05,2.46E-04,2.35E-03,6.76E-03
560,1.18E-06,1.83E-06,4.86E-06,2.07E-05,4.99E-05,1.30E-04,1.41E-06,6.42E-06,5.02E-05,2.62E-04,2.48E-03,7.19E-03
561,1.25E-06,1.62E-06,4.40E-06,2.08E-05,5.17E-05,1.30E-04,1.50E-06,6.68E-06,5.25E-05,2.79E-04,2.64E-03,7.59E-03
562,1.28E-06,1.23E-06,4.11E-06,2.06E-05,5.28E-05,1.31E-04,1.55E-06,6.94E-06,5.44E-05,2.95E-04,2.79E-03,7.99E-03
563,1.19E-06,1.55E-06,5.14E-06,2.14E-05,5.09E-05,1.42E-04,1.31E-06,7.18E-06,5.79E-05,3.10E-04,2.95E-03,8.38E-03
564,1.09E-06,1.67E-06,5.43E-06,2.17E-05,5.04E-05,1.48E-04,1.24E-06,7.32E-06,6.12E-05,3.26E-04,3.10E-03,8.78E-03
565,1.00E-06,1.55E-06,4.78E-06,2.14E-05,5.19E-05,1.48E-04,1.36E-06,7.32E-06,6.42E-05,3.43E-04,3.25E-03,9.20E-03
566,1.02E-06,1.72E-06,5.22E-06,2.26E-05,5.46E-05,1.52E-04,1.40E-06,7.87E-06,6.75E-05,3.59E-04,3.40E-03,9.61E-03
567,1.03E-06,1.96E-06,5.88E-06,2.40E-05,5.69E-05,1.56E-04,1.41E-06,8.55E-06,7.08E-05,3.75E-04,3.56E-03,1.00E-02
568,8.13E-07,2.08E-06,6.01E-06,2.31E-05,5.56E-05,1.57E-04,1.37E-06,9.22E-06,7.36E-05,3.94E-04,3.72E-03,1.05E-02
569,8.35E-07,1.99E-06,6.16E-06,2.33E-05,5.87E-05,1.58E-04,1.43E-06,9.63E-06,7.68E-05,4.12E-04,3.89E-03,1.10E-02
570,1.12E-06,1.66E-06,6.33E-06,2.47E-05,6.67E-05,1.61E-04,1.58E-06,9.76E-06,8.03E-05,4.27E-04,4.06E-03,1.14E-02
571,1.15E-06,1.79E-06,6.61E-06,2.46E-05,6.35E-05,1.64E-04,1.49E-06,9.89E-06,8.35E-05,4.46E-04,4.22E-03,1.19E-02
572,1.10E-06,1.98E-06,6.71E-06,2.42E-05,5.99E-05,1.69E-04,1.34E-06,1.01E-05,8.67E-05,4.65E-04,4.36E-03,1.23E-02
573,9.68E-07,1.98E-06,5.81E-06,2.37E-05,6.64E-05,1.75E-04,1.13E-06,1.06E-05,8.98E-05,4.80E-04,4.50E-03,1.27E-02
574,9.85E-07,1.93E-06,5.71E-06,2.46E-05,6.88E-05,1.76E-04,1.14E-06,1.09E-05,9.28E-05,4.96E-04,4.65E-03,1.31E-02
575,1.14E-06,1.83E-06,6.35E-06,2.68E-05,6.74E-05,1.73E-04,1.35E-06,1.11E-05,9.58E-05,5.11E-04,4.81E-03,1.35E-02
576,1.12E-06,1.75E-06,6.66E-06,2.65E-05,6.85E-05,1.76E-04,1.45E-06,1.15E-05,9.83E-05,5.28E-04,4.95E-03,1.39E-02
577,1.10E-06,1.71E-06,6.84E-06,2.61E-05,6.99E-05,1.78E-04,1.48E-06,1.19E-05,1.01E-04,5.43E-04,5.09E-03,1.42E-02
578,1.18E-06,1.81E-06,6.71E-06,2.67E-05,7.07E-05,1.78E-04,1.35E-06,1.24E-05,1.03E-04,5.55E-04,5.20E-03,1.45E-02
579,1.15E-06,1.92E-06,6.87E-06,2.76E-05,6.97E-05,1.83E-04,1.20E-06,1.26E-05,1.05E-04,5.66E-04,5.31E-03,1.48E-02
580,1.05E-06,2.03E-06,7.26E-06,2.87E-05,6.73E-05,1.91E-04,1.02E-06,1.26E-05,1.08E-04,5.77E-04,5.43E-03,1.52E-02
581,1.19E-06,1.97E-06,7.06E-06,2.89E-05,6.85E-05,1.86E-04,1.29E-06,1.29E-05,1.10E-04,5.90E-04,5.51E-03,1.54E-02
582,1.28E-06,1.84E-06,6.58E-06,2.89E-05,6.98E-05,1.83E-04,1.47E-06,1.32E-05,1.12E-04,6.02E-04,5.58E-03,1.57E-02
583,1.21E-06,1.55E-06,5.45E-06,2.86E-05,7.04E-05,1.92E-04,1.29E-06,1.35E-05,1.14E-04,6.10E-04,5.67E-03,1.59E-02
584,1.30E-06,1.48E-06,5.72E-06,2.88E-05,7.21E-05,1.93E-04,1.25E-06,1.35E-05,1.15E-04,6.17E-04,5.76E-03,1.62E-02
585,1.51E-06,1.56E-06,6.88E-06,2.94E-05,7.45E-05,1.88E-04,1.30E-06,1.34E-05,1.17E-04,6.24E-04,5.87E-03,1.64E-02
586,1.37E-06,1.81E-06,6.68E-06,2.88E-05,7.03E-05,1.95E-04,1.55E-06,1.40E-05,1.18E-04,6.30E-04,5.92E-03,1.65E-02
587,1.27E-06,1.98E-06,6.51E-06,2.88E-05,6.83E-05,1.98E-04,1.71E-06,1.42E-05,1.19E-04,6.36E-04,5.96E-03,1.66E-02
588,1.32E-06,1.95E-06,6.55E-06,3.05E-05,7.21E-05,1.94E-04,1.62E-06,1.39E-05,1.20E-04,6.43E-04,5.99E-03,1.68E-02
589,9.94E-07,1.77E-06,6.92E-06,3.00E-05,7.17E-05,1.96E-04,1.58E-06,1.37E-05,1.21E-04,6.53E-04,6.04E-03,1.69E-02
590,4.80E-07,1.52E-06,7.45E-06,2.84E-05,6.91E-05,2.02E-04,1.56E-06,1.38E-05,1.22E-04,6.65E-04,6.11E-03,1.71E-02
591,8.49E-07,1.81E-06,7.46E-06,2.91E-05,6.96E-05,1.96E-04,1.14E-06,1.39E-05,1.23E-04,6.67E-04,6.17E-03,1.72E-02
592,1.07E-06,1.85E-06,7.52E-06,2.92E-05,7.05E-05,1.93E-04,9.83E-07,1.40E-05,1.24E-04,6.70E-04,6.22E-03,1.73E-02
593,1.02E-06,1.46E-06,7.66E-06,2.85E-05,7.22E-05,1.95E-04,1.30E-06,1.41E-05,1.25E-04,6.75E-04,6.25E-03,1.73E-02
594,1.15E-06,1.69E-06,7.64E-06,2.85E-05,7.33E-05,1.91E-04,1.32E-06,1.42E-05,1.25E-04,6.76E-04,6.27E-03,1.74E-02
595,1.33E-06,2.13E-06,7.54E-06,2.86E-05,7.44E-05,1.86E-04,1.24E-06,1.43E-05,1.25E-04,6.76E-04,6.29E-03,1.75E-02
596,9.63E-07,1.92E-06,7.14E-06,2.77E-05,7.66E-05,1.91E-04,1.51E-06,1.42E-05,1.26E-04,6.79E-04,6.30E-03,1.75E-02
597,8.50E-07,1.73E-06,7.01E-06,2.69E-05,7.70E-05,1.95E-04,1.67E-06,1.43E-05,1.27E-04,6.81E-04,6.31E-03,1.76E-02
598,1.10E-06,1.55E-06,7.26E-06,2.65E-05,7.49E-05,1.95E-04,1.68E-06,1.46E-05,1.27E-04,6.81E-04,6.32E-03,1.75E-02
599,1.10E-06,1.29E-06,7.17E-06,2.72E-05,7.46E-05,1.92E-04,1.46E-06,1.46E-05,1.27E-04,6.82E-04,6.31E-03,1.75E-02
600,9.79E-07,1.07E-06,6.98E-06,2.79E-05,7.48E-05,1.88E-04,1.26E-06,1.43E-05,1.27E-04,6.81E-04,6.29E-03,1.74E-02
601,5.47E-07,1.35E-06,6.83E-06,2.69E-05,7.48E-05,1.87E-04,1.63E-06,1.41E-05,1.26E-04,6.79E-04,6.28E-03,1.74E-02
602,4.79E-07,1.63E-06,6.66E-06,2.68E-05,7.42E-05,1.89E-04,1.73E-06,1.42E-05,1.25E-04,6.74E-04,6.26E-03,1.73E-02
603,8.15E-07,1.88E-06,6.50E-06,2.80E-05,7.30E-05,1.93E-04,1.55E-06,1.45E-05,1.25E-04,6.68E-04,6.21E-03,1.73E-02
604,9.01E-07,1.59E-06,6.98E-06,2.74E-05,7.15E-05,1.92E-04,1.22E-06,1.43E-05,1.24E-04,6.63E-04,6.17E-03,1.71E-02
605,9.36E-07,1.35E-06,7.28E-06,2.70E-05,7.00E-05,1.90E-04,9.36E-07,1.40E-05,1.23E-04,6.59E-04,6.14E-03,1.70E-02
606,9.69E-07,1.84E-06,6.18E-06,2.89E-05,6.86E-05,1.93E-04,9.69E-07,1.40E-05,1.21E-04,6.56E-04,6.07E-03,1.69E-02
607,9.40E-07,1.77E-06,5.72E-06,2.85E-05,6.71E-05,1.89E-04,1.33E-06,1.38E-05,1.20E-04,6.53E-04,6.03E-03,1.68E-02
608,8.59E-07,1.24E-06,5.81E-06,2.62E-05,6.53E-05,1.80E-04,1.97E-06,1.35E-05,1.20E-04,6.47E-04,5.99E-03,1.67E-02
609,8.56E-07,1.60E-06,6.45E-06,2.61E-05,6.52E-05,1.79E-04,1.68E-06,1.34E-05,1.19E-04,6.41E-04,5.94E-03,1.65E-02
610,8.46E-07,1.95E-06,6.71E-06,2.61E-05,6.43E-05,1.78E-04,1.42E-06,1.34E-05,1.18E-04,6.34E-04,5.89E-03,1.64E-02
611,7.90E-07,1.93E-06,5.65E-06,2.56E-05,6.08E-05,1.73E-04,1.57E-06,1.33E-05,1.16E-04,6.27E-04,5.84E-03,1.62E-02
612,8.24E-07,1.53E-06,4.93E-06,2.47E-05,5.96E-05,1.70E-04,1.66E-06,1.30E-05,1.15E-04,6.19E-04,5.78E-03,1.60E-02
613,9.17E-07,8.92E-07,4.42E-06,2.34E-05,5.99E-05,1.67E-04,1.69E-06,1.26E-05,1.14E-04,6.12E-04,5.70E-03,1.59E-02
614,6.93E-07,1.10E-06,4.42E-06,2.45E-05,5.92E-05,1.68E-04,1.47E-06,1.30E-05,1.13E-04,6.07E-04,5.64E-03,1.57E-02
615,7.28E-07,1.42E-06,4.70E-06,2.49E-05,5.94E-05,1.67E-04,1.27E-06,1.31E-05,1.12E-04,6.01E-04,5.58E-03,1.55E-02
616,1.33E-06,1.90E-06,5.56E-06,2.36E-05,6.11E-05,1.61E-04,1.12E-06,1.27E-05,1.10E-04,5.92E-04,5.50E-03,1.53E-02
617,1.14E-06,1.64E-06,6.03E-06,2.24E-05,6.30E-05,1.62E-04,1.20E-06,1.23E-05,1.09E-04,5.88E-04,5.43E-03,1.51E-02
618,6.00E-07,1.05E-06,6.31E-06,2.13E-05,6.50E-05,1.65E-04,1.38E-06,1.19E-05,1.08E-04,5.85E-04,5.35E-03,1.50E-02
619,8.17E-07,1.36E-06,6.24E-06,2.20E-05,6.54E-05,1.56E-04,1.27E-06,1.20E-05,1.06E-04,5.71E-04,5.29E-03,1.47E-02
620,9.27E-07,1.39E-06,5.72E-06,2.24E-05,6.38E-05,1.49E-04,1.18E-06,1.21E-05,1.04E-04,5.61E-04,5.23E-03,1.45E-02
621,8.70E-07,1.00E-06,4.52E-06,2.22E-05,5.93E-05,1.48E-04,1.12E-06,1.20E-05,1.04E-04,5.58E-04,5.14E-03,1.43E-02
622,9.28E-07,1.07E-06,5.08E-06,2.20E-05,5.52E-05,1.47E-04,1.09E-06,1.19E-05,1.02E-04,5.48E-04,5.08E-03,1.41E-02
623,1.01E-06,1.25E-06,5.94E-06,2.17E-05,5.20E-05,1.46E-04,1.04E-06,1.17E-05,1.01E-04,5.35E-04,5.02E-03,1.39E-02
624,9.51E-07,1.14E-06,4.66E-06,2.02E-05,5.46E-05,1.39E-04,8.28E-07,1.16E-05,9.81E-05,5.29E-04,4.93E-03,1.36E-02
625,8.64E-07,1.03E-06,4.51E-06,2.01E-05,5.50E-05,1.39E-04,7.04E-07,1.13E-05,9.63E-05,5.20E-04,4.84E-03,1.34E-02
626,7.44E-07,9.46E-07,5.61E-06,2.18E-05,5.30E-05,1.45E-04,6.77E-07,1.11E-05,9.52E-05,5.08E-04,4.74E-03,1.32E-02
627,5.95E-07,1.15E-06,5.19E-06,2.05E-05,5.06E-05,1.40E-04,7.55E-07,1.04E-05,9.25E-05,4.97E-04,4.65E-03,1.29E-02
628,4.65E-07,1.28E-06,4.56E-06,1.92E-05,4.84E-05,1.34E-04,8.93E-07,9.85E-06,8.98E-05,4.87E-04,4.56E-03,1.27E-02
629,4.34E-07,9.06E-07,4.35E-06,2.08E-05,4.76E-05,1.31E-04,1.19E-06,9.99E-06,8.88E-05,4.81E-04,4.50E-03,1.25E-02
630,6.36E-07,7.38E-07,4.41E-06,2.08E-05,4.75E-05,1.31E-04,1.28E-06,9.98E-06,8.77E-05,4.74E-04,4.41E-03,1.23E-02
631,1.03E-06,7.40E-07,4.68E-06,1.95E-05,4.80E-05,1.31E-04,1.22E-06,9.84E-06,8.66E-05,4.66E-04,4.31E-03,1.21E-02
632,8.22E-07,1.01E-06,4.60E-06,1.88E-05,4.53E-05,1.27E-04,1.10E-06,9.85E-06,8.48E-05,4.56E-04,4.24E-03,1.18E-02
633,6.55E-07,1.18E-06,4.60E-06,1.80E-05,4.27E-05,1.23E-04,9.90E-07,9.86E-06,8.29E-05,4.46E-04,4.17E-03,1.16E-02
634,7.21E-07,1.06E-06,4.93E-06,1.66E-05,4.16E-05,1.19E-04,9.27E-07,9.85E-06,8.08E-05,4.35E-04,4.07E-03,1.14E-02
635,6.21E-07,8.46E-07,4.65E-06,1.64E-05,4.04E-05,1.16E-04,1.03E-06,9.63E-06,7.93E-05,4.26E-04,3.99E-03,1.12E-02
636,4.30E-07,5.90E-07,4.01E-06,1.70E-05,3.92E-05,1.15E-04,1.23E-06,9.30E-06,7.81E-05,4.18E-04,3.92E-03,1.09E-02
637,7.90E-07,9.83E-07,2.96E-06,1.64E-05,4.16E-05,1.14E-04,1.10E-06,8.72E-06,7.60E-05,4.10E-04,3.83E-03,1.07E-02
638,8.98E-07,1.23E-06,2.67E-06,1.60E-05,4.21E-05,1.11E-04,8.98E-07,8.36E-06,7.43E-05,4.03E-04,3.75E-03,1.05E-02
639,5.71E-07,1.23E-06,3.65E-06,1.60E-05,3.94E-05,1.06E-04,5.71E-07,8.37E-06,7.33E-05,3.95E-04,3.65E-03,1.02E-02
640,5.32E-07,9.72E-07,3.68E-06,1.57E-05,3.75E-05,1.05E-04,7.48E-07,8.41E-06,7.15E-05,3.84E-04,3.58E-03,1.00E-02
641,5.83E-07,6.78E-07,3.38E-06,1.54E-05,3.63E-05,1.04E-04,1.09E-06,8.42E-06,6.95E-05,3.72E-04,3.52E-03,9.77E-03
642,4.85E-07,1.01E-06,3.22E-06,1.57E-05,4.01E-05,1.06E-04,1.26E-06,8.03E-06,6.78E-05,3.62E-04,3.42E-03,9.49E-03
643,3.41E-07,1.26E-06,3.19E-06,1.61E-05,4.08E-05,1.04E-04,1.26E-06,7.55E-06,6.64E-05,3.54E-04,3.33E-03,9.25E-03
644,1.43E-07,1.43E-06,3.32E-06,1.64E-05,3.79E-05,9.82E-05,1.06E-06,6.95E-06,6.52E-05,3.47E-04,3.23E-03,9.04E-03
645,8.09E-08,1.11E-06,2.56E-06,1.58E-05,3.50E-05,9.55E-05,9.18E-07,6.92E-06,6.32E-05,3.40E-04,3.15E-03,8.88E-03
646,1.30E-07,7.59E-07,2.07E-06,1.50E-05,3.29E-05,9.38E-05,8.70E-07,6.99E-06,6.14E-05,3.33E-04,3.09E-03,8.72E-03
647,5.29E-07,7.60E-07,3.53E-06,1.46E-05,3.47E-05,9.29E-05,1.17E-06,6.97E-06,6.03E-05,3.23E-04,3.03E-03,8.52E-03
648,5.40E-07,8.16E-07,3.54E-06,1.41E-05,3.50E-05,8.93E-05,1.12E-06,6.81E-06,5.95E-05,3.15E-04,2.96E-03,8.30E-03
649,2.41E-07,9.16E-07,2.37E-06,1.36E-05,3.40E-05,8.35E-05,7.87E-07,6.54E-06,5.88E-05,3.09E-04,2.88E-03,8.06E-03
650,4.01E-07,8.62E-07,2.28E-06,1.34E-05,3.72E-05,8.24E-05,8.83E-07,6.58E-06,5.70E-05,2.99E-04,2.81E-03,7.90E-03
651,5.91E-07,7.19E-07,2.28E-06,1.33E-05,3.80E-05,8.12E-05,1.04E-06,6.61E-06,5.51E-05,2.90E-04,2.75E-03,7.73E-03
652,7.58E-07,3.87E-07,2.28E-06,1.34E-05,3.23E-05,7.88E-05,1.24E-06,6.55E-06,5.34E-05,2.85E-04,2.69E-03,7.53E-03
653,6.63E-07,5.11E-07,2.22E-06,1.25E-05,2.95E-05,7.99E-05,1.11E-06,6.26E-06,5.20E-05,2.78E-04,2.61E-03,7.35E-03
654,4.29E-07,8.72E-07,2.12E-06,1.12E-05,2.82E-05,8.25E-05,8.11E-07,5.86E-06,5.08E-05,2.70E-04,2.52E-03,7.17E-03
655,1.97E-07,1.04E-06,2.39E-06,1.13E-05,2.88E-05,6.99E-05,6.45E-07,5.70E-06,5.02E-05,2.60E-04,2.48E-03,6.99E-03
656,1.45E-07,1.05E-06,2.31E-06,1.11E-05,2.82E-05,6.35E-05,4.14E-07,5.59E-06,4.90E-05,2.52E-04,2.42E-03,6.81E-03
657,3.78E-07,8.16E-07,1.67E-06,1.07E-05,2.57E-05,6.67E-05,8.03E-08,5.54E-06,4.68E-05,2.48E-04,2.35E-03,6.63E-03
658,4.59E-07,4.56E-07,2.22E-06,9.84E-06,2.43E-05,7.06E-05,0.00E+00,5.25E-06,4.48E-05,2.42E-04,2.29E-03,6.45E-03
659,4.87E-07,1.34E-07,2.84E-06,9.08E-06,2.36E-05,7.34E-05,0.00E+00,4.94E-06,4.30E-05,2.35E-04,2.22E-03,6.27E-03
660,4.85E-07,3.32E-07,1.31E-06,9.81E-06,2.48E-05,6.72E-05,0.00E+00,5.06E-06,4.28E-05,2.29E-04,2.16E-03,6.12E-03
661,4.51E-07,4.80E-07,1.29E-06,9.81E-06,2.51E-05,6.51E-05,1.64E-08,4.93E-06,4.16E-05,2.23E-04,2.09E-03,5.95E-03
662,3.85E-07,5.78E-07,2.81E-06,9.07E-06,2.43E-05,6.73E-05,4.93E-08,4.56E-06,3.92E-05,2.16E-04,2.03E-03,5.75E-03
663,2.32E-07,6.16E-07,2.48E-06,9.01E-06,2.48E-05,6.40E-05,5.35E-08,4.35E-06,3.84E-05,2.10E-04,1.97E-03,5.60E-03
664,9.09E-08,7.86E-07,1.96E-06,9.05E-06,2.48E-05,5.94E-05,1.31E-07,4.27E-06,3.78E-05,2.05E-04,1.91E-03,5.45E-03
665,2.56E-08,1.40E-06,1.69E-06,9.06E-06,2.29E-05,5.29E-05,4.56E-07,4.51E-06,3.71E-05,1.99E-04,1.85E-03,5.28E-03
666,1.97E-08,1.28E-06,1.76E-06,8.43E-06,2.27E-05,4.91E-05,3.65E-07,4.29E-06,3.59E-05,1.93E-04,1.79E-03,5.12E-03
667,5.21E-08,6.98E-07,2.05E-06,7.41E-06,2.35E-05,4.71E-05,7.52E-09,3.76E-06,3.46E-05,1.86E-04,1.74E-03,4.96E-03
668,2.09E-08,9.67E-07,1.48E-06,7.29E-06,2.21E-05,4.65E-05,3.16E-08,3.76E-06,3.36E-05,1.80E-04,1.69E-03,4.80E-03
669,6.76E-08,1.05E-06,8.61E-07,6.73E-06,2.06E-05,4.58E-05,4.10E-08,3.81E-06,3.24E-05,1.74E-04,1.65E-03,4.65E-03
670,2.59E-07,7.55E-07,1.86E-07,5.32E-06,1.90E-05,4.45E-05,8.85E-09,3.91E-06,3.12E-05,1.70E-04,1.60E-03,4.53E-03
671,1.72E-07,6.03E-07,6.20E-07,6.11E-06,1.65E-05,4.40E-05,0.00E+00,3.65E-06,3.07E-05,1.65E-04,1.56E-03,4.41E-03
672,2.72E-08,4.88E-07,1.42E-06,7.63E-06,1.42E-05,4.40E-05,0.00E+00,3.29E-06,3.04E-05,1.60E-04,1.52E-03,4.30E-03
673,3.12E-07,2.03E-07,1.77E-06,8.18E-06,1.56E-05,4.62E-05,0.00E+00,3.19E-06,2.94E-05,1.56E-04,1.47E-03,4.19E-03
674,3.44E-07,3.65E-08,1.76E-06,7.73E-06,1.61E-05,4.32E-05,0.00E+00,3.03E-06,2.82E-05,1.52E-04,1.42E-03,4.07E-03
675,9.10E-08,4.97E-09,1.35E-06,6.14E-06,1.57E-05,3.41E-05,0.00E+00,2.80E-06,2.70E-05,1.48E-04,1.38E-03,3.94E-03
676,2.46E-08,0.00E+00,1.72E-06,6.18E-06,1.85E-05,3.94E-05,0.00E+00,3.02E-06,2.65E-05,1.43E-04,1.34E-03,3.82E-03
677,2.70E-08,0.00E+00,2.00E-06,6.29E-06,2.02E-05,4.49E-05,0.00E+00,3.21E-06,2.61E-05,1.38E-04,1.31E-03,3.71E-03
678,1.51E-07,0.00E+00,1.41E-06,5.56E-06,1.59E-05,4.21E-05,0.00E+00,3.01E-06,2.53E-05,1.36E-04,1.27E-03,3.58E-03
679,1.28E-07,1.83E-08,1.69E-06,4.35E-06,1.55E-05,3.99E-05,0.00E+00,2.98E-06,2.46E-05,1.33E-04,1.23E-03,3.48E-03
680,4.23E-09,4.92E-08,2.58E-06,2.81E-06,1.77E-05,3.82E-05,0.00E+00,3.06E-06,2.40E-05,1.28E-04,1.19E-03,3.39E-03
681,4.75E-07,2.03E-08,1.05E-06,3.88E-06,1.72E-05,3.29E-05,0.00E+00,2.78E-06,2.32E-05,1.24E-04,1.16E-03,3.28E-03
682,7.54E-07,6.27E-08,2.09E-07,5.16E-06,1.60E-05,3.16E-05,1.05E-08,2.66E-06,2.23E-05,1.19E-04,1.12E-03,3.18E-03
683,6.29E-07,2.46E-07,8.19E-07,6.70E-06,1.40E-05,3.84E-05,4.09E-08,2.86E-06,2.11E-05,1.14E-04,1.07E-03,3.08E-03
684,6.15E-07,1.66E-07,9.46E-07,6.55E-06,1.39E-05,3.46E-05,2.76E-08,2.70E-06,2.05E-05,1.10E-04,1.04E-03,2.98E-03
685,6.25E-07,2.86E-09,9.09E-07,5.78E-06,1.39E-05,2.78E-05,0.00E+00,2.41E-06,2.03E-05,1.08E-04,1.02E-03,2.88E-03
686,4.39E-07,3.30E-08,1.11E-06,5.22E-06,8.66E-06,3.09E-05,0.00E+00,2.27E-06,1.97E-05,1.07E-04,9.92E-04,2.80E-03
687,2.57E-07,3.47E-08,1.35E-06,4.47E-06,7.61E-06,3.34E-05,0.00E+00,2.23E-06,1.94E-05,1.04E-04,9.63E-04,2.72E-03
688,7.62E-08,4.56E-09,1.62E-06,3.47E-06,1.12E-05,3.53E-05,0.00E+00,2.29E-06,1.93E-05,9.86E-05,9.35E-04,2.65E-03
689,1.76E-07,0.00E+00,8.90E-07,3.15E-06,1.04E-05,3.34E-05,0.00E+00,2.41E-06,1.83E-05,9.63E-05,8.99E-04,2.57E-03
690,2.50E-07,0.00E+00,2.34E-07,3.21E-06,9.57E-06,3.12E-05,0.00E+00,2.47E-06,1.73E-05,9.43E-05,8.64E-04,2.49E-03
691,7.05E-08,0.00E+00,4.12E-07,4.12E-06,1.16E-05,2.99E-05,0.00E+00,2.29E-06,1.70E-05,9.10E-05,8.35E-04,2.40E-03
692,7.16E-08,0.00E+00,5.87E-07,4.78E-06,1.27E-05,2.69E-05,0.00E+00,2.28E-06,1.63E-05,8.75E-05,8.13E-04,2.33E-03
693,1.89E-07,0.00E+00,7.59E-07,5.28E-06,1.30E-05,2.27E-05,0.00E+00,2.38E-06,1.52E-05,8.37E-05,7.95E-04,2.29E-03
694,7.48E-08,2.89E-08,4.15E-07,4.91E-06,1.26E-05,2.35E-05,0.00E+00,1.97E-06,1.49E-05,8.20E-05,7.71E-04,2.19E-03
695,0.00E+00,3.68E-08,3.39E-07,4.14E-06,1.19E-05,2.45E-05,1.06E-08,1.85E-06,1.48E-05,7.97E-05,7.45E-04,2.10E-03
696,0.00E+00,7.47E-09,7.44E-07,2.72E-06,1.06E-05,2.57E-05,3.97E-08,2.21E-06,1.49E-05,7.64E-05,7.16E-04,2.05E-03
697,0.00E+00,0.00E+00,8.68E-07,2.52E-06,9.88E-06,2.48E-05,2.54E-08,1.89E-06,1.42E-05,7.36E-05,6.96E-04,2.00E-03
698,0.00E+00,0.00E+00,8.95E-07,2.83E-06,9.08E-06,2.32E-05,3.59E-09,1.42E-06,1.33E-05,7.10E-05,6.78E-04,1.94E-03
699,0.00E+00,0.00E+00,9.21E-07,3.68E-06,6.78E-06,2.21E-05,3.24E-08,1.56E-06,1.24E-05,6.87E-05,6.57E-04,1.87E-03
700,1.45E-08,0.00E+00,1.01E-06,3.87E-06,6.86E-06,2.09E-05,3.21E-08,1.68E-06,1.23E-05,6.68E-05,6.35E-04,1.81E-03
701,4.33E-08,0.00E+00,1.15E-06,3.41E-06,9.26E-06,1.97E-05,3.27E-09,1.76E-06,1.28E-05,6.53E-05,6.10E-04,1.77E-03
702,2.09E-08,2.54E-08,7.77E-07,2.02E-06,7.44E-06,2.18E-05,2.54E-08,1.84E-06,1.23E-05,6.45E-05,5.95E-04,1.71E-03
703,3.82E-08,3.84E-08,4.99E-07,1.30E-06,6.15E-06,2.38E-05,3.84E-08,1.78E-06,1.18E-05,6.34E-05,5.79E-04,1.64E-03
704,1.80E-07,9.92E-09,6.39E-07,2.72E-06,7.71E-06,2.48E-05,9.92E-09,1.38E-06,1.16E-05,6.10E-05,5.59E-04,1.59E-03
705,1.37E-07,1.84E-08,4.11E-07,3.93E-06,7.13E-06,2.40E-05,0.00E+00,1.46E-06,1.12E-05,5.92E-05,5.41E-04,1.54E-03
706,0.00E+00,4.47E-08,6.70E-09,4.95E-06,5.46E-06,2.21E-05,0.00E+00,1.77E-06,1.07E-05,5.78E-05,5.24E-04,1.50E-03
707,0.00E+00,1.64E-08,2.04E-07,4.18E-06,5.59E-06,1.67E-05,0.00E+00,1.40E-06,1.01E-05,5.51E-05,5.05E-04,1.45E-03
708,0.00E+00,0.00E+00,3.07E-07,3.47E-06,4.56E-06,1.57E-05,0.00E+00,1.21E-06,9.70E-06,5.21E-05,4.86E-04,1.41E-03
709,0.00E+00,0.00E+00,2.78E-07,2.85E-06,1.93E-06,2.06E-05,0.00E+00,1.26E-06,9.71E-06,4.89E-05,4.69E-04,1.37E-03
710,0.00E+00,0.00E+00,5.41E-07,2.31E-06,3.61E-06,2.03E-05,0.00E+00,1.04E-06,9.46E-06,4.68E-05,4.58E-04,1.33E-03
711,0.00E+00,0.00E+00,8.07E-07,2.04E-06,5.57E-06,1.91E-05,5.20E-09,8.59E-07,9.17E-06,4.53E-05,4.47E-04,1.28E-03
712,0.00E+00,0.00E+00,7.78E-07,2.82E-06,4.15E-06,1.94E-05,3.31E-08,1.11E-06,8.96E-06,4.55E-05,4.30E-04,1.23E-03
713,0.00E+00,0.00E+00,9.08E-07,2.45E-06,4.96E-06,1.92E-05,2.91E-08,1.13E-06,8.84E-06,4.45E-05,4.15E-04,1.19E-03
714,0.00E+00,0.00E+00,1.15E-06,1.22E-06,7.45E-06,1.87E-05,1.20E-09,9.92E-07,8.79E-06,4.28E-05,4.01E-04,1.15E-03
715,0.00E+00,0.00E+00,4.75E-07,1.17E-06,5.99E-06,1.36E-05,0.00E+00,8.54E-07,8.31E-06,4.14E-05,3.86E-04,1.12E-03
716,0.00E+00,0.00E+00,1.05E-07,1.03E-06,4.82E-06,1.07E-05,0.00E+00,7.43E-07,7.95E-06,4.02E-05,3.73E-04,1.09E-03
717,0.00E+00,0.00E+00,4.09E-07,6.42E-07,4.54E-06,1.25E-05,0.00E+00,6.86E-07,7.85E-06,3.94E-05,3.62E-04,1.07E-03
718,0.00E+00,0.00E+00,5.14E-07,1.61E-06,5.41E-06,1.15E-05,2.03E-08,8.56E-07,7.30E-06,3.80E-05,3.51E-04,1.03E-03
719,2.94E-08,0.00E+00,5.70E-07,2.86E-06,6.69E-06,9.91E-06,4.18E-08,1.03E-06,6.67E-06,3.63E-05,3.41E-04,9.82E-04
720,2.80E-07,0.00E+00,8.20E-07,2.27E-06,7.78E-06,1.09E-05,1.38E-08,5.50E-07,6.69E-06,3.51E-05,3.31E-04,9.44E-04
721,2.92E-07,0.00E+00,9.72E-07,2.46E-06,6.29E-06,1.23E-05,0.00E+00,4.69E-07,6.47E-06,3.38E-05,3.17E-04,9.13E-04
722,6.90E-08,0.00E+00,1.03E-06,3.41E-06,2.27E-06,1.43E-05,0.00E+00,7.77E-07,6.03E-06,3.24E-05,2.99E-04,8.87E-04
723,2.01E-08,0.00E+00,5.11E-07,3.14E-06,4.33E-06,1.43E-05,0.00E+00,7.60E-07,5.73E-06,3.05E-05,2.95E-04,8.62E-04
724,0.00E+00,0.00E+00,1.45E-07,2.51E-06,5.78E-06,1.50E-05,0.00E+00,6.73E-07,5.47E-06,2.92E-05,2.90E-04,8.37E-04
725,0.00E+00,0.00E+00,3.41E-07,1.37E-06,3.82E-06,1.75E-05,0.00E+00,5.07E-07,5.23E-06,2.98E-05,2.77E-04,8.10E-04
726,0.00E+00,0.00E+00,2.74E-07,7.86E-07,2.25E-06,1.53E-05,1.88E-08,6.58E-07,5.09E-06,2.82E-05,2.68E-04,7.82E-04
727,1.69E-09,0.00E+00,8.67E-08,5.12E-07,9.22E-07,1.10E-05,4.34E-08,9.39E-07,5.04E-06,2.57E-05,2.62E-04,7.52E-04
728,2.96E-08,0.00E+00,3.07E-08,7.91E-07,3.26E-07,1.13E-05,1.53E-08,8.26E-07,5.61E-06,2.42E-05,2.48E-04,7.28E-04
729,3.23E-08,1.26E-08,0.00E+00,7.29E-07,6.79E-07,1.22E-05,0.00E+00,7.13E-07,5.66E-06,2.40E-05,2.38E-04,7.05E-04
730,4.42E-09,4.05E-08,0.00E+00,2.55E-07,2.19E-06,1.39E-05,0.00E+00,6.02E-07,5.08E-06,2.52E-05,2.32E-04,6.84E-04
731,0.00E+00,2.14E-08,2.35E-08,1.24E-06,4.38E-06,1.17E-05,0.00E+00,7.01E-07,4.75E-06,2.46E-05,2.25E-04,6.65E-04
732,1.30E-08,0.00E+00,1.68E-07,2.15E-06,6.01E-06,8.54E-06,6.50E-09,7.88E-07,4.45E-06,2.35E-05,2.18E-04,6.46E-04
733,6.89E-08,0.00E+00,6.99E-07,1.93E-06,5.38E-06,5.14E-06,3.44E-08,7.05E-07,4.12E-06,2.20E-05,2.13E-04,6.24E-04
734,1.95E-07,0.00E+00,7.42E-07,1.16E-06,3.40E-06,6.47E-06,2.75E-08,9.01E-07,3.93E-06,2.16E-05,2.06E-04,6.04E-04
735,3.62E-07,0.00E+00,4.98E-07,1.11E-07,6.55E-07,1.05E-05,0.00E+00,1.25E-06,3.83E-06,2.17E-05,1.99E-04,5.86E-04
736,5.30E-07,0.00E+00,7.22E-07,1.34E-06,2.43E-07,8.90E-06,0.00E+00,1.06E-06,4.28E-06,2.14E-05,1.91E-04,5.62E-04
737,5.95E-07,0.00E+00,9.91E-07,1.94E-06,1.88E-08,7.62E-06,1.15E-08,9.09E-07,4.39E-06,2.09E-05,1.86E-04,5.45E-04
738,5.10E-07,0.00E+00,1.33E-06,1.63E-06,6.45E-08,6.85E-06,3.94E-08,8.24E-07,4.02E-06,1.99E-05,1.84E-04,5.38E-04
739,3.59E-07,4.49E-08,7.85E-07,1.48E-06,7.35E-08,8.33E-06,2.24E-08,6.06E-07,4.24E-06,1.89E-05,1.78E-04,5.18E-04
740,2.41E-07,7.87E-08,3.01E-07,1.56E-06,6.44E-08,9.68E-06,0.00E+00,4.32E-07,4.45E-06,1.79E-05,1.71E-04,4.96E-04
741,3.25E-07,2.28E-08,9.16E-07,2.39E-06,1.86E-08,8.28E-06,0.00E+00,5.71E-07,4.03E-06,1.75E-05,1.68E-04,4.84E-04
742,3.43E-07,0.00E+00,1.00E-06,2.19E-06,0.00E+00,7.64E-06,0.00E+00,7.61E-07,3.63E-06,1.70E-05,1.63E-04,4.75E-04
743,3.15E-07,0.00E+00,7.24E-07,1.27E-06,0.00E+00,7.54E-06,0.00E+00,9.88E-07,3.25E-06,1.66E-05,1.58E-04,4.69E-04
744,4.27E-07,0.00E+00,4.16E-07,1.71E-06,2.27E-07,6.92E-06,0.00E+00,9.08E-07,3.52E-06,1.60E-05,1.53E-04,4.43E-04
745,5.07E-07,0.00E+00,1.72E-07,1.62E-06,5.28E-07,5.46E-06,1.08E-08,7.82E-07,3.43E-06,1.57E-05,1.48E-04,4.22E-04
746,5.35E-07,0.00E+00,3.10E-08,6.62E-07,9.42E-07,2.66E-06,3.89E-08,5.85E-07,2.73E-06,1.59E-05,1.44E-04,4.07E-04
747,4.99E-07,2.20E-08,2.20E-08,2.33E-07,2.08E-06,3.34E-06,4.20E-07,6.54E-07,3.00E-06,1.51E-05,1.35E-04,3.93E-04
748,4.25E-07,4.05E-08,8.56E-08,8.02E-08,2.86E-06,5.30E-06,7.99E-07,7.73E-07,3.35E-06,1.42E-05,1.26E-04,3.79E-04
749,2.55E-07,1.21E-08,3.13E-07,5.35E-07,9.62E-07,8.53E-06,6.86E-07,7.75E-07,2.73E-06,1.35E-05,1.22E-04,3.67E-04
750,2.16E-07,1.64E-07,4.77E-07,1.11E-06,9.60E-08,8.74E-06,5.91E-07,7.44E-07,2.91E-06,1.32E-05,1.20E-04,3.58E-04
751,2.74E-07,4.51E-07,5.93E-07,1.77E-06,2.64E-09,6.70E-06,5.07E-07,6.90E-07,3.69E-06,1.33E-05,1.19E-04,3.51E-04
752,2.48E-07,9.08E-07,8.78E-07,1.71E-06,0.00E+00,6.16E-06,5.90E-07,9.42E-07,3.06E-06,1.26E-05,1.17E-04,3.36E-04
753,3.92E-07,9.68E-07,9.89E-07,1.28E-06,3.50E-08,5.47E-06,6.69E-07,1.04E-06,2.64E-06,1.21E-05,1.15E-04,3.25E-04
754,8.31E-07,3.34E-07,7.92E-07,2.42E-07,1.30E-07,4.46E-06,7.32E-07,8.39E-07,2.66E-06,1.19E-05,1.13E-04,3.18E-04
755,9.13E-07,4.79E-07,5.01E-07,3.60E-07,7.95E-08,5.05E-06,6.14E-07,6.38E-07,2.71E-06,1.23E-05,1.08E-04,3.13E-04
756,8.18E-07,8.08E-07,2.89E-07,7.26E-07,1.62E-08,6.04E-06,4.94E-07,4.99E-07,2.81E-06,1.26E-05,1.01E-04,3.09E-04
757,3.78E-07,8.69E-07,6.14E-07,5.81E-07,1.13E-07,6.59E-06,6.43E-07,6.77E-07,3.09E-06,1.17E-05,9.71E-05,2.97E-04
758,3.57E-07,7.13E-07,9.92E-07,9.57E-07,1.12E-06,6.46E-06,7.59E-07,7.06E-07,3.03E-06,1.11E-05,9.37E-05,2.83E-04
759,6.56E-07,3.90E-07,1.41E-06,1.74E-06,2.83E-06,5.83E-06,8.53E-07,6.21E-07,2.72E-06,1.08E-05,9.10E-05,2.68E-04
760,8.14E-07,6.14E-07,1.14E-06,1.88E-06,2.37E-06,6.62E-06,8.60E-07,8.82E-07,2.14E-06,9.28E-06,8.91E-05,2.59E-04
761,9.45E-07,6.68E-07,7.59E-07,1.71E-06,3.10E-06,8.33E-06,7.97E-07,1.08E-06,2.04E-06,8.87E-06,8.84E-05,2.52E-04
762,1.04E-06,3.99E-07,2.20E-07,1.02E-06,5.97E-06,1.15E-05,6.19E-07,1.14E-06,2.77E-06,1.04E-05,8.97E-05,2.48E-04
763,9.94E-07,6.90E-07,4.95E-07,1.17E-06,6.50E-06,8.23E-06,5.80E-07,1.14E-06,2.83E-06,1.04E-05,8.52E-05,2.38E-04
764,9.23E-07,1.08E-06,8.96E-07,1.59E-06,5.96E-06,3.88E-06,6.47E-07,1.15E-06,2.77E-06,9.97E-06,8.07E-05,2.27E-04
765,9.25E-07,1.14E-06,7.46E-07,2.05E-06,3.68E-06,3.48E-06,1.01E-06,1.37E-06,3.09E-06,9.51E-06,8.50E-05,2.22E-04
766,9.98E-07,1.42E-06,1.11E-06,2.60E-06,1.73E-06,5.55E-06,1.19E-06,1.50E-06,2.83E-06,9.45E-06,8.28E-05,2.16E-04
767,1.12E-06,1.85E-06,1.85E-06,3.22E-06,3.15E-08,9.45E-06,1.22E-06,1.56E-06,2.16E-06,9.68E-06,7.59E-05,2.11E-04
768,1.40E-06,1.86E-06,1.32E-06,2.63E-06,0.00E+00,6.81E-06,1.38E-06,1.63E-06,2.94E-06,7.92E-06,7.41E-05,2.10E-04
769,1.59E-06,1.69E-06,1.10E-06,2.51E-06,1.32E-06,5.86E-06,1.48E-06,1.69E-06,3.13E-06,6.75E-06,7.21E-05,2.03E-04
770,1.66E-06,1.23E-06,1.41E-06,3.16E-06,4.75E-06,7.82E-06,1.52E-06,1.76E-06,2.33E-06,6.57E-06,6.96E-05,1.89E-04
771,1.46E-06,1.04E-06,1.07E-06,2.21E-06,4.93E-06,6.16E-06,1.95E-06,1.87E-06,2.69E-06,6.88E-06,6.65E-05,1.84E-04
772,1.31E-06,1.08E-06,9.25E-07,1.31E-06,4.39E-06,4.23E-06,2.39E-06,2.04E-06,3.19E-06,7.55E-06,6.30E-05,1.83E-04
773,1.69E-06,1.81E-06,2.37E-06,2.44E-06,4.46E-06,5.24E-06,2.47E-06,2.33E-06,3.01E-06,9.18E-06,5.88E-05,1.87E-04
774,2.17E-06,2.21E-06,2.66E-06,2.37E-06,5.67E-06,7.10E-06,2.52E-06,2.50E-06,3.21E-06,9.05E-06,5.73E-05,1.81E-04
775,2.70E-06,2.40E-06,2.21E-06,1.52E-06,7.60E-06,9.51E-06,2.55E-06,2.60E-06,3.65E-06,7.75E-06,5.76E-05,1.70E-04
776,2.72E-06,2.64E-06,2.79E-06,4.09E-06,5.53E-06,9.57E-06,2.82E-06,2.90E-06,3.48E-06,7.10E-06,5.78E-05,1.67E-04
777,3.03E-06,2.98E-06,3.42E-06,5.29E-06,4.44E-06,8.49E-06,3.02E-06,3.10E-06,3.68E-06,7.24E-06,5.89E-05,1.61E-04
778,3.75E-06,3.48E-06,4.11E-06,4.52E-06,4.78E-06,5.79E-06,3.10E-06,3.15E-06,4.41E-06,8.49E-06,6.14E-05,1.48E-04
779,3.69E-06,3.86E-06,3.79E-06,3.65E-06,4.79E-06,6.67E-06,3.43E-06,3.48E-06,4.60E-06,9.98E-06,5.58E-05,1.42E-04
780,3.65E-06,4.12E-06,3.62E-06,3.20E-06,4.06E-06,8.21E-06,3.85E-06,3.89E-06,4.73E-06,1.06E-05,5.00E-05,1.38E-04